NP_081562.2	10090	10090	Eukaryota	Chordata	Mammalia	Rodentia	Muridae	Mus	Mus musculus						Metazoa	cellular organisms	Opisthokonta	Tetrapoda	Amniota	Theria	Eutheria	Boreoeutheria	Glires	Muroidea				Eumetazoa		Bilateria	Deuterostomia	Vertebrata	Gnathostomata	Teleostomi	Euteleostomi	Dipnotetrapodomorpha									Murinae	Mus		Myomorpha	Craniata				Sarcopterygii		Euarchontoglires			
XP_416822.2	9031	9031	Eukaryota	Chordata	Aves	Galliformes	Phasianidae	Gallus	Gallus gallus				Neognathae		Metazoa	cellular organisms	Opisthokonta	Tetrapoda	Amniota	Sauropsida	Sauria	Archelosauria	Archosauria	Dinosauria	Saurischia	Theropoda	Coelurosauria	Eumetazoa		Bilateria	Deuterostomia	Vertebrata	Gnathostomata	Teleostomi	Euteleostomi	Dipnotetrapodomorpha									Phasianinae				Craniata				Sarcopterygii		Galloanserae			
NP_001012006.1	10116	10116	Eukaryota	Chordata	Mammalia	Rodentia	Muridae	Rattus	Rattus norvegicus						Metazoa	cellular organisms	Opisthokonta	Tetrapoda	Amniota	Theria	Eutheria	Boreoeutheria	Glires	Muroidea				Eumetazoa		Bilateria	Deuterostomia	Vertebrata	Gnathostomata	Teleostomi	Euteleostomi	Dipnotetrapodomorpha									Murinae			Myomorpha	Craniata				Sarcopterygii		Euarchontoglires			
XP_001490241.1	9796	9796	Eukaryota	Chordata	Mammalia	Perissodactyla	Equidae	Equus	Equus caballus						Metazoa	cellular organisms	Opisthokonta	Tetrapoda	Amniota	Theria	Eutheria	Boreoeutheria						Eumetazoa		Bilateria	Deuterostomia	Vertebrata	Gnathostomata	Teleostomi	Euteleostomi	Dipnotetrapodomorpha										Equus			Craniata				Sarcopterygii		Laurasiatheria			
NP_001116542.1	9823	9823	Eukaryota	Chordata	Mammalia		Suidae	Sus	Sus scrofa					Suina	Metazoa	cellular organisms	Opisthokonta	Tetrapoda	Amniota	Theria	Eutheria	Boreoeutheria	Cetartiodactyla					Eumetazoa		Bilateria	Deuterostomia	Vertebrata	Gnathostomata	Teleostomi	Euteleostomi	Dipnotetrapodomorpha													Craniata				Sarcopterygii		Laurasiatheria			
NP_001124604.1	9601	9601	Eukaryota	Chordata	Mammalia	Primates	Hominidae	Pongo	Pongo abelii					Simiiformes	Metazoa	cellular organisms	Opisthokonta	Tetrapoda	Amniota	Theria	Eutheria	Boreoeutheria						Eumetazoa		Bilateria	Deuterostomia	Vertebrata	Gnathostomata	Teleostomi	Euteleostomi	Dipnotetrapodomorpha	Catarrhini								Ponginae			Haplorrhini	Craniata				Sarcopterygii	Hominoidea	Euarchontoglires			
NP_001129168.1	9544	9544	Eukaryota	Chordata	Mammalia	Primates	Cercopithecidae	Macaca	Macaca mulatta					Simiiformes	Metazoa	cellular organisms	Opisthokonta	Tetrapoda	Amniota	Theria	Eutheria	Boreoeutheria						Eumetazoa		Bilateria	Deuterostomia	Vertebrata	Gnathostomata	Teleostomi	Euteleostomi	Dipnotetrapodomorpha	Catarrhini								Cercopithecinae			Haplorrhini	Craniata				Sarcopterygii	Cercopithecoidea	Euarchontoglires			
NP_001158732.1	9615	9615	Eukaryota	Chordata	Mammalia	Carnivora	Canidae	Canis	Canis lupus						Metazoa	cellular organisms	Opisthokonta	Tetrapoda	Amniota	Theria	Eutheria	Boreoeutheria						Eumetazoa		Bilateria	Deuterostomia	Vertebrata	Gnathostomata	Teleostomi	Euteleostomi	Dipnotetrapodomorpha												Caniformia	Craniata		Canis lupus familiaris		Sarcopterygii		Laurasiatheria			
XP_002719891.1	9986	9986	Eukaryota	Chordata	Mammalia	Lagomorpha	Leporidae	Oryctolagus	Oryctolagus cuniculus						Metazoa	cellular organisms	Opisthokonta	Tetrapoda	Amniota	Theria	Eutheria	Boreoeutheria	Glires					Eumetazoa		Bilateria	Deuterostomia	Vertebrata	Gnathostomata	Teleostomi	Euteleostomi	Dipnotetrapodomorpha													Craniata				Sarcopterygii		Euarchontoglires			
XP_002930657.1	9646	9646	Eukaryota	Chordata	Mammalia	Carnivora	Ursidae	Ailuropoda	Ailuropoda melanoleuca						Metazoa	cellular organisms	Opisthokonta	Tetrapoda	Amniota	Theria	Eutheria	Boreoeutheria						Eumetazoa		Bilateria	Deuterostomia	Vertebrata	Gnathostomata	Teleostomi	Euteleostomi	Dipnotetrapodomorpha												Caniformia	Craniata				Sarcopterygii		Laurasiatheria			
XP_003503283.1	10029	10029	Eukaryota	Chordata	Mammalia	Rodentia	Cricetidae	Cricetulus	Cricetulus griseus						Metazoa	cellular organisms	Opisthokonta	Tetrapoda	Amniota	Theria	Eutheria	Boreoeutheria	Glires	Muroidea				Eumetazoa		Bilateria	Deuterostomia	Vertebrata	Gnathostomata	Teleostomi	Euteleostomi	Dipnotetrapodomorpha									Cricetinae			Myomorpha	Craniata				Sarcopterygii		Euarchontoglires			
XP_003791912.1	30611	30611	Eukaryota	Chordata	Mammalia	Primates	Galagidae	Otolemur	Otolemur garnettii					Lorisiformes	Metazoa	cellular organisms	Opisthokonta	Tetrapoda	Amniota	Theria	Eutheria	Boreoeutheria						Eumetazoa		Bilateria	Deuterostomia	Vertebrata	Gnathostomata	Teleostomi	Euteleostomi	Dipnotetrapodomorpha												Strepsirrhini	Craniata				Sarcopterygii		Euarchontoglires			
XP_004269705.1	9733	9733	Eukaryota	Chordata	Mammalia	Cetacea	Delphinidae	Orcinus	Orcinus orca						Metazoa	cellular organisms	Opisthokonta	Tetrapoda	Amniota	Theria	Eutheria	Boreoeutheria	Cetartiodactyla					Eumetazoa		Bilateria	Deuterostomia	Vertebrata	Gnathostomata	Teleostomi	Euteleostomi	Dipnotetrapodomorpha												Odontoceti	Craniata				Sarcopterygii		Laurasiatheria			
XP_004415448.1	9708	9708	Eukaryota	Chordata	Mammalia	Carnivora	Odobenidae	Odobenus	Odobenus rosmarus						Metazoa	cellular organisms	Opisthokonta	Tetrapoda	Amniota	Theria	Eutheria	Boreoeutheria						Eumetazoa		Bilateria	Deuterostomia	Vertebrata	Gnathostomata	Teleostomi	Euteleostomi	Dipnotetrapodomorpha												Caniformia	Craniata		Odobenus rosmarus divergens		Sarcopterygii		Laurasiatheria			
XP_004449124.1	9361	9361	Eukaryota	Chordata	Mammalia	Cingulata	Dasypodidae	Dasypus	Dasypus novemcinctus						Metazoa	cellular organisms	Opisthokonta	Tetrapoda	Amniota	Theria	Eutheria							Eumetazoa		Bilateria	Deuterostomia	Vertebrata	Gnathostomata	Teleostomi	Euteleostomi	Dipnotetrapodomorpha													Craniata				Sarcopterygii		Xenarthra			
XP_004597549.2	9978	9978	Eukaryota	Chordata	Mammalia	Lagomorpha	Ochotonidae	Ochotona	Ochotona princeps						Metazoa	cellular organisms	Opisthokonta	Tetrapoda	Amniota	Theria	Eutheria	Boreoeutheria	Glires					Eumetazoa		Bilateria	Deuterostomia	Vertebrata	Gnathostomata	Teleostomi	Euteleostomi	Dipnotetrapodomorpha													Craniata				Sarcopterygii		Euarchontoglires			
XP_004612266.1	42254	42254	Eukaryota	Chordata	Mammalia	Eulipotyphla	Soricidae	Sorex	Sorex araneus						Metazoa	cellular organisms	Opisthokonta	Tetrapoda	Amniota	Theria	Eutheria	Boreoeutheria						Eumetazoa		Bilateria	Deuterostomia	Vertebrata	Gnathostomata	Teleostomi	Euteleostomi	Dipnotetrapodomorpha									Soricinae				Craniata				Sarcopterygii		Laurasiatheria			
XP_004671523.1	51337	51337	Eukaryota	Chordata	Mammalia	Rodentia	Dipodidae	Jaculus	Jaculus jaculus						Metazoa	cellular organisms	Opisthokonta	Tetrapoda	Amniota	Theria	Eutheria	Boreoeutheria	Glires					Eumetazoa		Bilateria	Deuterostomia	Vertebrata	Gnathostomata	Teleostomi	Euteleostomi	Dipnotetrapodomorpha									Dipodinae			Myomorpha	Craniata				Sarcopterygii	Dipodoidea	Euarchontoglires			
XP_004710002.1	9371	9371	Eukaryota	Chordata	Mammalia		Tenrecidae	Echinops	Echinops telfairi						Metazoa	cellular organisms	Opisthokonta	Tetrapoda	Amniota	Theria	Eutheria							Eumetazoa		Bilateria	Deuterostomia	Vertebrata	Gnathostomata	Teleostomi	Euteleostomi	Dipnotetrapodomorpha									Tenrecinae				Craniata				Sarcopterygii		Afrotheria			
XP_004866157.1	10181	10181	Eukaryota	Chordata	Mammalia	Rodentia	Bathyergidae	Heterocephalus	Heterocephalus glaber						Metazoa	cellular organisms	Opisthokonta	Tetrapoda	Amniota	Theria	Eutheria	Boreoeutheria	Glires					Eumetazoa		Bilateria	Deuterostomia	Vertebrata	Gnathostomata	Teleostomi	Euteleostomi	Dipnotetrapodomorpha												Hystricomorpha	Craniata				Sarcopterygii		Euarchontoglires			
XP_005074266.1	10036	10036	Eukaryota	Chordata	Mammalia	Rodentia	Cricetidae	Mesocricetus	Mesocricetus auratus						Metazoa	cellular organisms	Opisthokonta	Tetrapoda	Amniota	Theria	Eutheria	Boreoeutheria	Glires	Muroidea				Eumetazoa		Bilateria	Deuterostomia	Vertebrata	Gnathostomata	Teleostomi	Euteleostomi	Dipnotetrapodomorpha									Cricetinae			Myomorpha	Craniata				Sarcopterygii		Euarchontoglires			
XP_005037422.1	59894	59894	Eukaryota	Chordata	Aves	Passeriformes	Muscicapidae	Ficedula	Ficedula albicollis				Neognathae		Metazoa	cellular organisms	Opisthokonta	Tetrapoda	Amniota	Sauropsida	Sauria	Archelosauria	Archosauria	Dinosauria	Saurischia	Theropoda	Coelurosauria	Eumetazoa		Bilateria	Deuterostomia	Vertebrata	Gnathostomata	Teleostomi	Euteleostomi	Dipnotetrapodomorpha													Craniata				Sarcopterygii					
XP_005228485.1	9913	9913	Eukaryota	Chordata	Mammalia		Bovidae	Bos	Bos taurus					Pecora	Metazoa	cellular organisms	Opisthokonta	Tetrapoda	Amniota	Theria	Eutheria	Boreoeutheria	Cetartiodactyla					Eumetazoa		Bilateria	Deuterostomia	Vertebrata	Gnathostomata	Teleostomi	Euteleostomi	Dipnotetrapodomorpha									Bovinae			Ruminantia	Craniata				Sarcopterygii		Laurasiatheria			
XP_005231984.2	8954	8954	Eukaryota	Chordata	Aves	Falconiformes	Falconidae	Falco	Falco peregrinus				Neognathae		Metazoa	cellular organisms	Opisthokonta	Tetrapoda	Amniota	Sauropsida	Sauria	Archelosauria	Archosauria	Dinosauria	Saurischia	Theropoda	Coelurosauria	Eumetazoa		Bilateria	Deuterostomia	Vertebrata	Gnathostomata	Teleostomi	Euteleostomi	Dipnotetrapodomorpha													Craniata				Sarcopterygii					
XP_005358818.1	79684	79684	Eukaryota	Chordata	Mammalia	Rodentia	Cricetidae	Microtus	Microtus ochrogaster						Metazoa	cellular organisms	Opisthokonta	Tetrapoda	Amniota	Theria	Eutheria	Boreoeutheria	Glires	Muroidea				Eumetazoa		Bilateria	Deuterostomia	Vertebrata	Gnathostomata	Teleostomi	Euteleostomi	Dipnotetrapodomorpha									Arvicolinae			Myomorpha	Craniata				Sarcopterygii		Euarchontoglires			
XP_005316051.3	43179	43179	Eukaryota	Chordata	Mammalia	Rodentia	Sciuridae	Ictidomys	Ictidomys tridecemlineatus						Metazoa	cellular organisms	Opisthokonta	Tetrapoda	Amniota	Theria	Eutheria	Boreoeutheria	Glires					Eumetazoa		Bilateria	Deuterostomia	Vertebrata	Gnathostomata	Teleostomi	Euteleostomi	Dipnotetrapodomorpha									Xerinae			Sciuromorpha	Craniata				Sarcopterygii		Euarchontoglires		Marmotini	
XP_005443093.2	345164	345164	Eukaryota	Chordata	Aves	Falconiformes	Falconidae	Falco	Falco cherrug				Neognathae		Metazoa	cellular organisms	Opisthokonta	Tetrapoda	Amniota	Sauropsida	Sauria	Archelosauria	Archosauria	Dinosauria	Saurischia	Theropoda	Coelurosauria	Eumetazoa		Bilateria	Deuterostomia	Vertebrata	Gnathostomata	Teleostomi	Euteleostomi	Dipnotetrapodomorpha													Craniata				Sarcopterygii					
XP_005491832.2	44394	44394	Eukaryota	Chordata	Aves	Passeriformes	Passerellidae	Zonotrichia	Zonotrichia albicollis				Neognathae		Metazoa	cellular organisms	Opisthokonta	Tetrapoda	Amniota	Sauropsida	Sauria	Archelosauria	Archosauria	Dinosauria	Saurischia	Theropoda	Coelurosauria	Eumetazoa		Bilateria	Deuterostomia	Vertebrata	Gnathostomata	Teleostomi	Euteleostomi	Dipnotetrapodomorpha													Craniata				Sarcopterygii					
XP_005426221.1	48883	48883	Eukaryota	Chordata	Aves	Passeriformes	Thraupidae	Geospiza	Geospiza fortis				Neognathae		Metazoa	cellular organisms	Opisthokonta	Tetrapoda	Amniota	Sauropsida	Sauria	Archelosauria	Archosauria	Dinosauria	Saurischia	Theropoda	Coelurosauria	Eumetazoa		Bilateria	Deuterostomia	Vertebrata	Gnathostomata	Teleostomi	Euteleostomi	Dipnotetrapodomorpha													Craniata				Sarcopterygii					
XP_005516712.1	181119	181119	Eukaryota	Chordata	Aves	Passeriformes	Paridae	Pseudopodoces	Pseudopodoces humilis				Neognathae		Metazoa	cellular organisms	Opisthokonta	Tetrapoda	Amniota	Sauropsida	Sauria	Archelosauria	Archosauria	Dinosauria	Saurischia	Theropoda	Coelurosauria	Eumetazoa		Bilateria	Deuterostomia	Vertebrata	Gnathostomata	Teleostomi	Euteleostomi	Dipnotetrapodomorpha													Craniata				Sarcopterygii					
XP_005593094.1	9541	9541	Eukaryota	Chordata	Mammalia	Primates	Cercopithecidae	Macaca	Macaca fascicularis					Simiiformes	Metazoa	cellular organisms	Opisthokonta	Tetrapoda	Amniota	Theria	Eutheria	Boreoeutheria						Eumetazoa		Bilateria	Deuterostomia	Vertebrata	Gnathostomata	Teleostomi	Euteleostomi	Dipnotetrapodomorpha	Catarrhini								Cercopithecinae			Haplorrhini	Craniata				Sarcopterygii	Cercopithecoidea	Euarchontoglires			
XP_005903173.1	72004	72004	Eukaryota	Chordata	Mammalia		Bovidae	Bos	Bos mutus					Pecora	Metazoa	cellular organisms	Opisthokonta	Tetrapoda	Amniota	Theria	Eutheria	Boreoeutheria	Cetartiodactyla					Eumetazoa		Bilateria	Deuterostomia	Vertebrata	Gnathostomata	Teleostomi	Euteleostomi	Dipnotetrapodomorpha									Bovinae			Ruminantia	Craniata				Sarcopterygii		Laurasiatheria			
XP_006122891.1	13735	13735	Eukaryota	Chordata		Testudines	Trionychidae	Pelodiscus	Pelodiscus sinensis						Metazoa	cellular organisms	Opisthokonta	Tetrapoda	Amniota	Sauropsida	Sauria	Archelosauria						Eumetazoa		Bilateria	Deuterostomia	Vertebrata	Gnathostomata	Teleostomi	Euteleostomi	Dipnotetrapodomorpha												Cryptodira	Craniata				Sarcopterygii	Trionychia				
XP_006194263.1	419612	419612	Eukaryota	Chordata	Mammalia		Camelidae	Camelus	Camelus ferus						Metazoa	cellular organisms	Opisthokonta	Tetrapoda	Amniota	Theria	Eutheria	Boreoeutheria	Cetartiodactyla					Eumetazoa		Bilateria	Deuterostomia	Vertebrata	Gnathostomata	Teleostomi	Euteleostomi	Dipnotetrapodomorpha												Tylopoda	Craniata				Sarcopterygii		Laurasiatheria			
XP_006212709.1	30538	30538	Eukaryota	Chordata	Mammalia		Camelidae	Vicugna	Vicugna pacos						Metazoa	cellular organisms	Opisthokonta	Tetrapoda	Amniota	Theria	Eutheria	Boreoeutheria	Cetartiodactyla					Eumetazoa		Bilateria	Deuterostomia	Vertebrata	Gnathostomata	Teleostomi	Euteleostomi	Dipnotetrapodomorpha												Tylopoda	Craniata				Sarcopterygii		Laurasiatheria			
XP_006164754.1	246437	246437	Eukaryota	Chordata	Mammalia	Scandentia	Tupaiidae	Tupaia	Tupaia chinensis						Metazoa	cellular organisms	Opisthokonta	Tetrapoda	Amniota	Theria	Eutheria	Boreoeutheria						Eumetazoa		Bilateria	Deuterostomia	Vertebrata	Gnathostomata	Teleostomi	Euteleostomi	Dipnotetrapodomorpha													Craniata				Sarcopterygii		Euarchontoglires			
XP_006775273.1	225400	225400	Eukaryota	Chordata	Mammalia	Chiroptera	Vespertilionidae	Myotis	Myotis davidii						Metazoa	cellular organisms	Opisthokonta	Tetrapoda	Amniota	Theria	Eutheria	Boreoeutheria						Eumetazoa		Bilateria	Deuterostomia	Vertebrata	Gnathostomata	Teleostomi	Euteleostomi	Dipnotetrapodomorpha												Microchiroptera	Craniata				Sarcopterygii		Laurasiatheria			
XP_006892457.1	28737	28737	Eukaryota	Chordata	Mammalia	Macroscelidea	Macroscelididae	Elephantulus	Elephantulus edwardii						Metazoa	cellular organisms	Opisthokonta	Tetrapoda	Amniota	Theria	Eutheria							Eumetazoa		Bilateria	Deuterostomia	Vertebrata	Gnathostomata	Teleostomi	Euteleostomi	Dipnotetrapodomorpha													Craniata				Sarcopterygii		Afrotheria			
XP_006835673.1	185453	185453	Eukaryota	Chordata	Mammalia		Chrysochloridae	Chrysochloris	Chrysochloris asiatica						Metazoa	cellular organisms	Opisthokonta	Tetrapoda	Amniota	Theria	Eutheria							Eumetazoa		Bilateria	Deuterostomia	Vertebrata	Gnathostomata	Teleostomi	Euteleostomi	Dipnotetrapodomorpha									Chrysochlorinae				Craniata				Sarcopterygii		Afrotheria			
XP_006911709.1	9402	9402	Eukaryota	Chordata	Mammalia	Chiroptera	Pteropodidae	Pteropus	Pteropus alecto						Metazoa	cellular organisms	Opisthokonta	Tetrapoda	Amniota	Theria	Eutheria	Boreoeutheria						Eumetazoa		Bilateria	Deuterostomia	Vertebrata	Gnathostomata	Teleostomi	Euteleostomi	Dipnotetrapodomorpha									Pteropodinae			Megachiroptera	Craniata				Sarcopterygii		Laurasiatheria			
NP_001277036.1	9925	9925	Eukaryota	Chordata	Mammalia		Bovidae	Capra	Capra hircus					Pecora	Metazoa	cellular organisms	Opisthokonta	Tetrapoda	Amniota	Theria	Eutheria	Boreoeutheria	Cetartiodactyla					Eumetazoa		Bilateria	Deuterostomia	Vertebrata	Gnathostomata	Teleostomi	Euteleostomi	Dipnotetrapodomorpha									Caprinae			Ruminantia	Craniata				Sarcopterygii		Laurasiatheria			
XP_006973269.1	230844	230844	Eukaryota	Chordata	Mammalia	Rodentia	Cricetidae	Peromyscus	Peromyscus maniculatus						Metazoa	cellular organisms	Opisthokonta	Tetrapoda	Amniota	Theria	Eutheria	Boreoeutheria	Glires	Muroidea				Eumetazoa		Bilateria	Deuterostomia	Vertebrata	Gnathostomata	Teleostomi	Euteleostomi	Dipnotetrapodomorpha									Neotominae			Myomorpha	Craniata		Peromyscus maniculatus bairdii		Sarcopterygii		Euarchontoglires			
XP_007090142.1	74533	74533	Eukaryota	Chordata	Mammalia	Carnivora	Felidae	Panthera	Panthera tigris						Metazoa	cellular organisms	Opisthokonta	Tetrapoda	Amniota	Theria	Eutheria	Boreoeutheria						Eumetazoa		Bilateria	Deuterostomia	Vertebrata	Gnathostomata	Teleostomi	Euteleostomi	Dipnotetrapodomorpha									Pantherinae			Feliformia	Craniata		Panthera tigris altaica		Sarcopterygii		Laurasiatheria			
XP_007070561.1	8469	8469	Eukaryota	Chordata		Testudines	Cheloniidae	Chelonia	Chelonia mydas						Metazoa	cellular organisms	Opisthokonta	Tetrapoda	Amniota	Sauropsida	Sauria	Archelosauria	Durocryptodira	Americhelydia				Eumetazoa		Bilateria	Deuterostomia	Vertebrata	Gnathostomata	Teleostomi	Euteleostomi	Dipnotetrapodomorpha												Cryptodira	Craniata				Sarcopterygii	Chelonioidea				
XP_006041602.1	89462	89462	Eukaryota	Chordata	Mammalia		Bovidae	Bubalus	Bubalus bubalis					Pecora	Metazoa	cellular organisms	Opisthokonta	Tetrapoda	Amniota	Theria	Eutheria	Boreoeutheria	Cetartiodactyla					Eumetazoa		Bilateria	Deuterostomia	Vertebrata	Gnathostomata	Teleostomi	Euteleostomi	Dipnotetrapodomorpha									Bovinae			Ruminantia	Craniata				Sarcopterygii		Laurasiatheria			
XP_007431942.2	176946	176946	Eukaryota	Chordata		Squamata	Pythonidae	Python	Python bivittatus					Serpentes	Metazoa	cellular organisms	Opisthokonta	Tetrapoda	Amniota	Sauropsida	Sauria	Bifurcata	Unidentata	Episquamata	Toxicofera			Eumetazoa		Bilateria	Deuterostomia	Vertebrata	Gnathostomata	Teleostomi	Euteleostomi	Dipnotetrapodomorpha													Craniata				Sarcopterygii	Henophidia	Lepidosauria			
XP_007466389.1	118797	118797	Eukaryota	Chordata	Mammalia	Cetacea	Lipotidae	Lipotes	Lipotes vexillifer						Metazoa	cellular organisms	Opisthokonta	Tetrapoda	Amniota	Theria	Eutheria	Boreoeutheria	Cetartiodactyla					Eumetazoa		Bilateria	Deuterostomia	Vertebrata	Gnathostomata	Teleostomi	Euteleostomi	Dipnotetrapodomorpha												Odontoceti	Craniata				Sarcopterygii		Laurasiatheria			
XP_007500935.1	13616	13616	Eukaryota	Chordata	Mammalia	Didelphimorphia	Didelphidae	Monodelphis	Monodelphis domestica						Metazoa	cellular organisms	Opisthokonta	Tetrapoda	Amniota	Theria	Metatheria							Eumetazoa		Bilateria	Deuterostomia	Vertebrata	Gnathostomata	Teleostomi	Euteleostomi	Dipnotetrapodomorpha									Didelphinae				Craniata				Sarcopterygii					
XP_007538670.1	9365	9365	Eukaryota	Chordata	Mammalia	Eulipotyphla	Erinaceidae	Erinaceus	Erinaceus europaeus						Metazoa	cellular organisms	Opisthokonta	Tetrapoda	Amniota	Theria	Eutheria	Boreoeutheria						Eumetazoa		Bilateria	Deuterostomia	Vertebrata	Gnathostomata	Teleostomi	Euteleostomi	Dipnotetrapodomorpha									Erinaceinae				Craniata				Sarcopterygii		Laurasiatheria			
XP_007951028.1	1230840	1230840	Eukaryota	Chordata	Mammalia	Tubulidentata	Orycteropodidae	Orycteropus	Orycteropus afer						Metazoa	cellular organisms	Opisthokonta	Tetrapoda	Amniota	Theria	Eutheria							Eumetazoa		Bilateria	Deuterostomia	Vertebrata	Gnathostomata	Teleostomi	Euteleostomi	Dipnotetrapodomorpha													Craniata		Orycteropus afer afer		Sarcopterygii		Afrotheria			
XP_007989304.1	60711	60711	Eukaryota	Chordata	Mammalia	Primates	Cercopithecidae	Chlorocebus	Chlorocebus sabaeus					Simiiformes	Metazoa	cellular organisms	Opisthokonta	Tetrapoda	Amniota	Theria	Eutheria	Boreoeutheria						Eumetazoa		Bilateria	Deuterostomia	Vertebrata	Gnathostomata	Teleostomi	Euteleostomi	Dipnotetrapodomorpha	Catarrhini								Cercopithecinae			Haplorrhini	Craniata				Sarcopterygii	Cercopithecoidea	Euarchontoglires			
XP_008105455.1	28377	28377	Eukaryota	Chordata		Squamata	Dactyloidae	Anolis	Anolis carolinensis						Metazoa	cellular organisms	Opisthokonta	Tetrapoda	Amniota	Sauropsida	Sauria	Bifurcata	Unidentata	Episquamata	Toxicofera			Eumetazoa		Bilateria	Deuterostomia	Vertebrata	Gnathostomata	Teleostomi	Euteleostomi	Dipnotetrapodomorpha												Iguania	Craniata				Sarcopterygii		Lepidosauria			
XP_008153150.1	29078	29078	Eukaryota	Chordata	Mammalia	Chiroptera	Vespertilionidae	Eptesicus	Eptesicus fuscus						Metazoa	cellular organisms	Opisthokonta	Tetrapoda	Amniota	Theria	Eutheria	Boreoeutheria						Eumetazoa		Bilateria	Deuterostomia	Vertebrata	Gnathostomata	Teleostomi	Euteleostomi	Dipnotetrapodomorpha												Microchiroptera	Craniata				Sarcopterygii		Laurasiatheria			
XP_008542995.1	9798	9798	Eukaryota	Chordata	Mammalia	Perissodactyla	Equidae	Equus	Equus przewalskii						Metazoa	cellular organisms	Opisthokonta	Tetrapoda	Amniota	Theria	Eutheria	Boreoeutheria						Eumetazoa		Bilateria	Deuterostomia	Vertebrata	Gnathostomata	Teleostomi	Euteleostomi	Dipnotetrapodomorpha										Equus			Craniata				Sarcopterygii		Laurasiatheria			
XP_008694637.1	29073	29073	Eukaryota	Chordata	Mammalia	Carnivora	Ursidae	Ursus	Ursus maritimus						Metazoa	cellular organisms	Opisthokonta	Tetrapoda	Amniota	Theria	Eutheria	Boreoeutheria						Eumetazoa		Bilateria	Deuterostomia	Vertebrata	Gnathostomata	Teleostomi	Euteleostomi	Dipnotetrapodomorpha												Caniformia	Craniata				Sarcopterygii		Laurasiatheria			
XP_008839098.1	1026970	1026970	Eukaryota	Chordata	Mammalia	Rodentia	Spalacidae	Nannospalax	Nannospalax galili						Metazoa	cellular organisms	Opisthokonta	Tetrapoda	Amniota	Theria	Eutheria	Boreoeutheria	Glires	Muroidea				Eumetazoa		Bilateria	Deuterostomia	Vertebrata	Gnathostomata	Teleostomi	Euteleostomi	Dipnotetrapodomorpha									Spalacinae			Myomorpha	Craniata				Sarcopterygii		Euarchontoglires			
XP_008937519.1	57421	57421	Eukaryota	Chordata	Aves	Coraciiformes	Meropidae	Merops	Merops nubicus				Neognathae		Metazoa	cellular organisms	Opisthokonta	Tetrapoda	Amniota	Sauropsida	Sauria	Archelosauria	Archosauria	Dinosauria	Saurischia	Theropoda	Coelurosauria	Eumetazoa		Bilateria	Deuterostomia	Vertebrata	Gnathostomata	Teleostomi	Euteleostomi	Dipnotetrapodomorpha													Craniata				Sarcopterygii					
XP_008972428.1	9597	9597	Eukaryota	Chordata	Mammalia	Primates	Hominidae	Pan	Pan paniscus					Simiiformes	Metazoa	cellular organisms	Opisthokonta	Tetrapoda	Amniota	Theria	Eutheria	Boreoeutheria						Eumetazoa		Bilateria	Deuterostomia	Vertebrata	Gnathostomata	Teleostomi	Euteleostomi	Dipnotetrapodomorpha	Catarrhini								Homininae			Haplorrhini	Craniata				Sarcopterygii	Hominoidea	Euarchontoglires			
XP_008987241.1	9483	9483	Eukaryota	Chordata	Mammalia	Primates	Cebidae	Callithrix	Callithrix jacchus					Simiiformes	Metazoa	cellular organisms	Opisthokonta	Tetrapoda	Amniota	Theria	Eutheria	Boreoeutheria						Eumetazoa		Bilateria	Deuterostomia	Vertebrata	Gnathostomata	Teleostomi	Euteleostomi	Dipnotetrapodomorpha	Platyrrhini								Callitrichinae	Callithrix		Haplorrhini	Craniata				Sarcopterygii		Euarchontoglires			
XP_009082150.1	57068	57068	Eukaryota	Chordata	Aves	Passeriformes	Acanthisittidae	Acanthisitta	Acanthisitta chloris				Neognathae		Metazoa	cellular organisms	Opisthokonta	Tetrapoda	Amniota	Sauropsida	Sauria	Archelosauria	Archosauria	Dinosauria	Saurischia	Theropoda	Coelurosauria	Eumetazoa		Bilateria	Deuterostomia	Vertebrata	Gnathostomata	Teleostomi	Euteleostomi	Dipnotetrapodomorpha													Craniata				Sarcopterygii					
XP_009087922.1	9135	9135	Eukaryota	Chordata	Aves	Passeriformes	Fringillidae	Serinus	Serinus canaria				Neognathae		Metazoa	cellular organisms	Opisthokonta	Tetrapoda	Amniota	Sauropsida	Sauria	Archelosauria	Archosauria	Dinosauria	Saurischia	Theropoda	Coelurosauria	Eumetazoa		Bilateria	Deuterostomia	Vertebrata	Gnathostomata	Teleostomi	Euteleostomi	Dipnotetrapodomorpha									Carduelinae				Craniata				Sarcopterygii	Passeroidea				
XP_009275140.1	9233	9233	Eukaryota	Chordata	Aves	Sphenisciformes	Spheniscidae	Aptenodytes	Aptenodytes forsteri				Neognathae		Metazoa	cellular organisms	Opisthokonta	Tetrapoda	Amniota	Sauropsida	Sauria	Archelosauria	Archosauria	Dinosauria	Saurischia	Theropoda	Coelurosauria	Eumetazoa		Bilateria	Deuterostomia	Vertebrata	Gnathostomata	Teleostomi	Euteleostomi	Dipnotetrapodomorpha													Craniata				Sarcopterygii					
XP_009323767.1	9238	9238	Eukaryota	Chordata	Aves	Sphenisciformes	Spheniscidae	Pygoscelis	Pygoscelis adeliae				Neognathae		Metazoa	cellular organisms	Opisthokonta	Tetrapoda	Amniota	Sauropsida	Sauria	Archelosauria	Archosauria	Dinosauria	Saurischia	Theropoda	Coelurosauria	Eumetazoa		Bilateria	Deuterostomia	Vertebrata	Gnathostomata	Teleostomi	Euteleostomi	Dipnotetrapodomorpha													Craniata				Sarcopterygii					
XP_009474590.1	128390	128390	Eukaryota	Chordata	Aves	Pelecaniformes	Threskiornithidae	Nipponia	Nipponia nippon				Neognathae		Metazoa	cellular organisms	Opisthokonta	Tetrapoda	Amniota	Sauropsida	Sauria	Archelosauria	Archosauria	Dinosauria	Saurischia	Theropoda	Coelurosauria	Eumetazoa		Bilateria	Deuterostomia	Vertebrata	Gnathostomata	Teleostomi	Euteleostomi	Dipnotetrapodomorpha													Craniata				Sarcopterygii					
XP_009509070.1	9209	9209	Eukaryota	Chordata	Aves	Pelecaniformes	Phalacrocoracidae	Phalacrocorax	Phalacrocorax carbo				Neognathae		Metazoa	cellular organisms	Opisthokonta	Tetrapoda	Amniota	Sauropsida	Sauria	Archelosauria	Archosauria	Dinosauria	Saurischia	Theropoda	Coelurosauria	Eumetazoa		Bilateria	Deuterostomia	Vertebrata	Gnathostomata	Teleostomi	Euteleostomi	Dipnotetrapodomorpha													Craniata				Sarcopterygii					
XP_009563864.1	55661	55661	Eukaryota	Chordata	Aves	Cuculiformes	Cuculidae	Cuculus	Cuculus canorus				Neognathae		Metazoa	cellular organisms	Opisthokonta	Tetrapoda	Amniota	Sauropsida	Sauria	Archelosauria	Archosauria	Dinosauria	Saurischia	Theropoda	Coelurosauria	Eumetazoa		Bilateria	Deuterostomia	Vertebrata	Gnathostomata	Teleostomi	Euteleostomi	Dipnotetrapodomorpha													Craniata				Sarcopterygii					
XP_009574896.1	30455	30455	Eukaryota	Chordata	Aves	Procellariiformes	Procellariidae	Fulmarus	Fulmarus glacialis				Neognathae		Metazoa	cellular organisms	Opisthokonta	Tetrapoda	Amniota	Sauropsida	Sauria	Archelosauria	Archosauria	Dinosauria	Saurischia	Theropoda	Coelurosauria	Eumetazoa		Bilateria	Deuterostomia	Vertebrata	Gnathostomata	Teleostomi	Euteleostomi	Dipnotetrapodomorpha													Craniata				Sarcopterygii					
XP_009667495.1	441894	441894	Eukaryota	Chordata	Aves	Struthioniformes	Struthionidae	Struthio	Struthio camelus						Metazoa	cellular organisms	Opisthokonta	Tetrapoda	Amniota	Sauropsida	Sauria	Archelosauria	Archosauria	Dinosauria	Saurischia	Theropoda	Coelurosauria	Eumetazoa		Bilateria	Deuterostomia	Vertebrata	Gnathostomata	Teleostomi	Euteleostomi	Dipnotetrapodomorpha													Craniata		Struthio camelus australis		Sarcopterygii		Palaeognathae			
XP_009638257.1	188379	188379	Eukaryota	Chordata	Aves	Pelecaniformes	Ardeidae	Egretta	Egretta garzetta				Neognathae		Metazoa	cellular organisms	Opisthokonta	Tetrapoda	Amniota	Sauropsida	Sauria	Archelosauria	Archosauria	Dinosauria	Saurischia	Theropoda	Coelurosauria	Eumetazoa		Bilateria	Deuterostomia	Vertebrata	Gnathostomata	Teleostomi	Euteleostomi	Dipnotetrapodomorpha													Craniata				Sarcopterygii					
XP_009816127.1	37040	37040	Eukaryota	Chordata	Aves	Gaviiformes	Gaviidae	Gavia	Gavia stellata				Neognathae		Metazoa	cellular organisms	Opisthokonta	Tetrapoda	Amniota	Sauropsida	Sauria	Archelosauria	Archosauria	Dinosauria	Saurischia	Theropoda	Coelurosauria	Eumetazoa		Bilateria	Deuterostomia	Vertebrata	Gnathostomata	Teleostomi	Euteleostomi	Dipnotetrapodomorpha													Craniata				Sarcopterygii					
XP_009703695.1	54380	54380	Eukaryota	Chordata	Aves	Cariamiformes	Cariamidae	Cariama	Cariama cristata				Neognathae		Metazoa	cellular organisms	Opisthokonta	Tetrapoda	Amniota	Sauropsida	Sauria	Archelosauria	Archosauria	Dinosauria	Saurischia	Theropoda	Coelurosauria	Eumetazoa		Bilateria	Deuterostomia	Vertebrata	Gnathostomata	Teleostomi	Euteleostomi	Dipnotetrapodomorpha													Craniata				Sarcopterygii					
XP_009867056.1	57397	57397	Eukaryota	Chordata	Aves	Trogoniformes	Trogonidae	Apaloderma	Apaloderma vittatum				Neognathae		Metazoa	cellular organisms	Opisthokonta	Tetrapoda	Amniota	Sauropsida	Sauria	Archelosauria	Archosauria	Dinosauria	Saurischia	Theropoda	Coelurosauria	Eumetazoa		Bilateria	Deuterostomia	Vertebrata	Gnathostomata	Teleostomi	Euteleostomi	Dipnotetrapodomorpha													Craniata				Sarcopterygii					
XP_009909849.1	118200	118200	Eukaryota	Chordata	Aves	Piciformes	Picidae	Picoides	Picoides pubescens				Neognathae		Metazoa	cellular organisms	Opisthokonta	Tetrapoda	Amniota	Sauropsida	Sauria	Archelosauria	Archosauria	Dinosauria	Saurischia	Theropoda	Coelurosauria	Eumetazoa		Bilateria	Deuterostomia	Vertebrata	Gnathostomata	Teleostomi	Euteleostomi	Dipnotetrapodomorpha													Craniata				Sarcopterygii					
XP_009887331.1	50402	50402	Eukaryota	Chordata	Aves	Charadriiformes	Charadriidae	Charadrius	Charadrius vociferus				Neognathae		Metazoa	cellular organisms	Opisthokonta	Tetrapoda	Amniota	Sauropsida	Sauria	Archelosauria	Archosauria	Dinosauria	Saurischia	Theropoda	Coelurosauria	Eumetazoa		Bilateria	Deuterostomia	Vertebrata	Gnathostomata	Teleostomi	Euteleostomi	Dipnotetrapodomorpha													Craniata				Sarcopterygii					
XP_009925641.1	8969	8969	Eukaryota	Chordata	Aves	Accipitriformes	Accipitridae	Haliaeetus	Haliaeetus albicilla				Neognathae		Metazoa	cellular organisms	Opisthokonta	Tetrapoda	Amniota	Sauropsida	Sauria	Archelosauria	Archosauria	Dinosauria	Saurischia	Theropoda	Coelurosauria	Eumetazoa		Bilateria	Deuterostomia	Vertebrata	Gnathostomata	Teleostomi	Euteleostomi	Dipnotetrapodomorpha									Accipitrinae				Craniata				Sarcopterygii					
XP_009938970.1	30419	30419	Eukaryota	Chordata	Aves	Opisthocomiformes	Opisthocomidae	Opisthocomus	Opisthocomus hoazin				Neognathae		Metazoa	cellular organisms	Opisthokonta	Tetrapoda	Amniota	Sauropsida	Sauria	Archelosauria	Archosauria	Dinosauria	Saurischia	Theropoda	Coelurosauria	Eumetazoa		Bilateria	Deuterostomia	Vertebrata	Gnathostomata	Teleostomi	Euteleostomi	Dipnotetrapodomorpha													Craniata				Sarcopterygii					
XP_009954393.1	188344	188344	Eukaryota	Chordata	Aves	Coraciiformes	Leptosomidae	Leptosomus	Leptosomus discolor				Neognathae		Metazoa	cellular organisms	Opisthokonta	Tetrapoda	Amniota	Sauropsida	Sauria	Archelosauria	Archosauria	Dinosauria	Saurischia	Theropoda	Coelurosauria	Eumetazoa		Bilateria	Deuterostomia	Vertebrata	Gnathostomata	Teleostomi	Euteleostomi	Dipnotetrapodomorpha													Craniata				Sarcopterygii					
XP_010012481.1	176057	176057	Eukaryota	Chordata	Aves	Psittaciformes	Psittacidae	Nestor	Nestor notabilis				Neognathae		Metazoa	cellular organisms	Opisthokonta	Tetrapoda	Amniota	Sauropsida	Sauria	Archelosauria	Archosauria	Dinosauria	Saurischia	Theropoda	Coelurosauria	Eumetazoa		Bilateria	Deuterostomia	Vertebrata	Gnathostomata	Teleostomi	Euteleostomi	Dipnotetrapodomorpha													Craniata				Sarcopterygii					
XP_009978415.1	121530	121530	Eukaryota	Chordata	Aves	Musophagiformes	Musophagidae	Tauraco	Tauraco erythrolophus				Neognathae		Metazoa	cellular organisms	Opisthokonta	Tetrapoda	Amniota	Sauropsida	Sauria	Archelosauria	Archosauria	Dinosauria	Saurischia	Theropoda	Coelurosauria	Eumetazoa		Bilateria	Deuterostomia	Vertebrata	Gnathostomata	Teleostomi	Euteleostomi	Dipnotetrapodomorpha													Craniata				Sarcopterygii					
XP_009992128.1	8897	8897	Eukaryota	Chordata	Aves	Apodiformes	Apodidae	Chaetura	Chaetura pelagica				Neognathae		Metazoa	cellular organisms	Opisthokonta	Tetrapoda	Amniota	Sauropsida	Sauria	Archelosauria	Archosauria	Dinosauria	Saurischia	Theropoda	Coelurosauria	Eumetazoa		Bilateria	Deuterostomia	Vertebrata	Gnathostomata	Teleostomi	Euteleostomi	Dipnotetrapodomorpha													Craniata				Sarcopterygii					
XP_010136813.1	175836	175836	Eukaryota	Chordata	Aves	Bucerotiformes	Bucerotidae	Buceros	Buceros rhinoceros				Neognathae		Metazoa	cellular organisms	Opisthokonta	Tetrapoda	Amniota	Sauropsida	Sauria	Archelosauria	Archosauria	Dinosauria	Saurischia	Theropoda	Coelurosauria	Eumetazoa		Bilateria	Deuterostomia	Vertebrata	Gnathostomata	Teleostomi	Euteleostomi	Dipnotetrapodomorpha													Craniata		Buceros rhinoceros silvestris		Sarcopterygii					
XP_010156467.1	54383	54383	Eukaryota	Chordata	Aves	Gruiformes	Eurypygidae	Eurypyga	Eurypyga helias				Neognathae		Metazoa	cellular organisms	Opisthokonta	Tetrapoda	Amniota	Sauropsida	Sauria	Archelosauria	Archosauria	Dinosauria	Saurischia	Theropoda	Coelurosauria	Eumetazoa		Bilateria	Deuterostomia	Vertebrata	Gnathostomata	Teleostomi	Euteleostomi	Dipnotetrapodomorpha													Craniata				Sarcopterygii					
XP_010169238.1	279965	279965	Eukaryota	Chordata	Aves	Caprimulgiformes	Caprimulgidae	Antrostomus	Antrostomus carolinensis				Neognathae		Metazoa	cellular organisms	Opisthokonta	Tetrapoda	Amniota	Sauropsida	Sauria	Archelosauria	Archosauria	Dinosauria	Saurischia	Theropoda	Coelurosauria	Eumetazoa		Bilateria	Deuterostomia	Vertebrata	Gnathostomata	Teleostomi	Euteleostomi	Dipnotetrapodomorpha													Craniata				Sarcopterygii					
XP_010084373.1	240206	240206	Eukaryota	Chordata	Aves	Ciconiiformes	Pteroclidae	Pterocles	Pterocles gutturalis				Neognathae		Metazoa	cellular organisms	Opisthokonta	Tetrapoda	Amniota	Sauropsida	Sauria	Archelosauria	Archosauria	Dinosauria	Saurischia	Theropoda	Coelurosauria	Eumetazoa		Bilateria	Deuterostomia	Vertebrata	Gnathostomata	Teleostomi	Euteleostomi	Dipnotetrapodomorpha													Craniata				Sarcopterygii					
XP_010178703.1	54374	54374	Eukaryota	Chordata	Aves	Gruiformes	Mesitornithidae	Mesitornis	Mesitornis unicolor				Neognathae		Metazoa	cellular organisms	Opisthokonta	Tetrapoda	Amniota	Sauropsida	Sauria	Archelosauria	Archosauria	Dinosauria	Saurischia	Theropoda	Coelurosauria	Eumetazoa		Bilateria	Deuterostomia	Vertebrata	Gnathostomata	Teleostomi	Euteleostomi	Dipnotetrapodomorpha													Craniata				Sarcopterygii					
XP_010120523.1	187382	187382	Eukaryota	Chordata	Aves	Gruiformes	Otididae	Chlamydotis	Chlamydotis macqueenii				Neognathae		Metazoa	cellular organisms	Opisthokonta	Tetrapoda	Amniota	Sauropsida	Sauria	Archelosauria	Archosauria	Dinosauria	Saurischia	Theropoda	Coelurosauria	Eumetazoa		Bilateria	Deuterostomia	Vertebrata	Gnathostomata	Teleostomi	Euteleostomi	Dipnotetrapodomorpha													Craniata				Sarcopterygii					
XP_010217584.1	94827	94827	Eukaryota	Chordata	Aves	Tinamiformes	Tinamidae	Tinamus	Tinamus guttatus						Metazoa	cellular organisms	Opisthokonta	Tetrapoda	Amniota	Sauropsida	Sauria	Archelosauria	Archosauria	Dinosauria	Saurischia	Theropoda	Coelurosauria	Eumetazoa		Bilateria	Deuterostomia	Vertebrata	Gnathostomata	Teleostomi	Euteleostomi	Dipnotetrapodomorpha													Craniata				Sarcopterygii		Palaeognathae			
XP_010290019.1	97097	97097	Eukaryota	Chordata	Aves	Pelecaniformes	Phaethontidae	Phaethon	Phaethon lepturus				Neognathae		Metazoa	cellular organisms	Opisthokonta	Tetrapoda	Amniota	Sauropsida	Sauria	Archelosauria	Archosauria	Dinosauria	Saurischia	Theropoda	Coelurosauria	Eumetazoa		Bilateria	Deuterostomia	Vertebrata	Gnathostomata	Teleostomi	Euteleostomi	Dipnotetrapodomorpha													Craniata				Sarcopterygii					
XP_010334925.1	39432	39432	Eukaryota	Chordata	Mammalia	Primates	Cebidae	Saimiri	Saimiri boliviensis					Simiiformes	Metazoa	cellular organisms	Opisthokonta	Tetrapoda	Amniota	Theria	Eutheria	Boreoeutheria						Eumetazoa		Bilateria	Deuterostomia	Vertebrata	Gnathostomata	Teleostomi	Euteleostomi	Dipnotetrapodomorpha	Platyrrhini								Saimiriinae			Haplorrhini	Craniata		Saimiri boliviensis boliviensis		Sarcopterygii		Euarchontoglires			
XP_010392735.2	932674	932674	Eukaryota	Chordata	Aves	Passeriformes	Corvidae	Corvus	Corvus cornix				Neognathae		Metazoa	cellular organisms	Opisthokonta	Tetrapoda	Amniota	Sauropsida	Sauria	Archelosauria	Archosauria	Dinosauria	Saurischia	Theropoda	Coelurosauria	Eumetazoa		Bilateria	Deuterostomia	Vertebrata	Gnathostomata	Teleostomi	Euteleostomi	Dipnotetrapodomorpha													Craniata		Corvus cornix cornix		Sarcopterygii	Corvoidea				
XP_010579828.1	52644	52644	Eukaryota	Chordata	Aves	Accipitriformes	Accipitridae	Haliaeetus	Haliaeetus leucocephalus				Neognathae		Metazoa	cellular organisms	Opisthokonta	Tetrapoda	Amniota	Sauropsida	Sauria	Archelosauria	Archosauria	Dinosauria	Saurischia	Theropoda	Coelurosauria	Eumetazoa		Bilateria	Deuterostomia	Vertebrata	Gnathostomata	Teleostomi	Euteleostomi	Dipnotetrapodomorpha									Accipitrinae				Craniata				Sarcopterygii					
XP_010643477.1	885580	885580	Eukaryota	Chordata	Mammalia	Rodentia	Bathyergidae	Fukomys	Fukomys damarensis						Metazoa	cellular organisms	Opisthokonta	Tetrapoda	Amniota	Theria	Eutheria	Boreoeutheria	Glires					Eumetazoa		Bilateria	Deuterostomia	Vertebrata	Gnathostomata	Teleostomi	Euteleostomi	Dipnotetrapodomorpha												Hystricomorpha	Craniata				Sarcopterygii		Euarchontoglires			
XP_010833001.1	43346	43346	Eukaryota	Chordata	Mammalia		Bovidae	Bison	Bison bison					Pecora	Metazoa	cellular organisms	Opisthokonta	Tetrapoda	Amniota	Theria	Eutheria	Boreoeutheria	Cetartiodactyla					Eumetazoa		Bilateria	Deuterostomia	Vertebrata	Gnathostomata	Teleostomi	Euteleostomi	Dipnotetrapodomorpha									Bovinae			Ruminantia	Craniata		Bison bison bison		Sarcopterygii		Laurasiatheria			
XP_010966303.1	9837	9837	Eukaryota	Chordata	Mammalia		Camelidae	Camelus	Camelus bactrianus						Metazoa	cellular organisms	Opisthokonta	Tetrapoda	Amniota	Theria	Eutheria	Boreoeutheria	Cetartiodactyla					Eumetazoa		Bilateria	Deuterostomia	Vertebrata	Gnathostomata	Teleostomi	Euteleostomi	Dipnotetrapodomorpha												Tylopoda	Craniata				Sarcopterygii		Laurasiatheria			
XP_010991717.1	9838	9838	Eukaryota	Chordata	Mammalia		Camelidae	Camelus	Camelus dromedarius						Metazoa	cellular organisms	Opisthokonta	Tetrapoda	Amniota	Theria	Eutheria	Boreoeutheria	Cetartiodactyla					Eumetazoa		Bilateria	Deuterostomia	Vertebrata	Gnathostomata	Teleostomi	Euteleostomi	Dipnotetrapodomorpha												Tylopoda	Craniata				Sarcopterygii		Laurasiatheria			
XP_011361275.1	132908	132908	Eukaryota	Chordata	Mammalia	Chiroptera	Pteropodidae	Pteropus	Pteropus vampyrus						Metazoa	cellular organisms	Opisthokonta	Tetrapoda	Amniota	Theria	Eutheria	Boreoeutheria						Eumetazoa		Bilateria	Deuterostomia	Vertebrata	Gnathostomata	Teleostomi	Euteleostomi	Dipnotetrapodomorpha									Pteropodinae			Megachiroptera	Craniata				Sarcopterygii		Laurasiatheria			
XP_011850923.1	9568	9568	Eukaryota	Chordata	Mammalia	Primates	Cercopithecidae	Mandrillus	Mandrillus leucophaeus					Simiiformes	Metazoa	cellular organisms	Opisthokonta	Tetrapoda	Amniota	Theria	Eutheria	Boreoeutheria						Eumetazoa		Bilateria	Deuterostomia	Vertebrata	Gnathostomata	Teleostomi	Euteleostomi	Dipnotetrapodomorpha	Catarrhini								Cercopithecinae			Haplorrhini	Craniata				Sarcopterygii	Cercopithecoidea	Euarchontoglires			
XP_011891198.1	9531	9531	Eukaryota	Chordata	Mammalia	Primates	Cercopithecidae	Cercocebus	Cercocebus atys					Simiiformes	Metazoa	cellular organisms	Opisthokonta	Tetrapoda	Amniota	Theria	Eutheria	Boreoeutheria						Eumetazoa		Bilateria	Deuterostomia	Vertebrata	Gnathostomata	Teleostomi	Euteleostomi	Dipnotetrapodomorpha	Catarrhini								Cercopithecinae			Haplorrhini	Craniata				Sarcopterygii	Cercopithecoidea	Euarchontoglires			
XP_011733505.1	9545	9545	Eukaryota	Chordata	Mammalia	Primates	Cercopithecidae	Macaca	Macaca nemestrina					Simiiformes	Metazoa	cellular organisms	Opisthokonta	Tetrapoda	Amniota	Theria	Eutheria	Boreoeutheria						Eumetazoa		Bilateria	Deuterostomia	Vertebrata	Gnathostomata	Teleostomi	Euteleostomi	Dipnotetrapodomorpha	Catarrhini								Cercopithecinae			Haplorrhini	Craniata				Sarcopterygii	Cercopithecoidea	Euarchontoglires			
XP_011961657.1	9940	9940	Eukaryota	Chordata	Mammalia		Bovidae	Ovis	Ovis aries					Pecora	Metazoa	cellular organisms	Opisthokonta	Tetrapoda	Amniota	Theria	Eutheria	Boreoeutheria	Cetartiodactyla					Eumetazoa		Bilateria	Deuterostomia	Vertebrata	Gnathostomata	Teleostomi	Euteleostomi	Dipnotetrapodomorpha									Caprinae			Ruminantia	Craniata				Sarcopterygii		Laurasiatheria			
XP_012290105.1	37293	37293	Eukaryota	Chordata	Mammalia	Primates	Aotidae	Aotus	Aotus nancymaae					Simiiformes	Metazoa	cellular organisms	Opisthokonta	Tetrapoda	Amniota	Theria	Eutheria	Boreoeutheria						Eumetazoa		Bilateria	Deuterostomia	Vertebrata	Gnathostomata	Teleostomi	Euteleostomi	Dipnotetrapodomorpha	Platyrrhini											Haplorrhini	Craniata				Sarcopterygii		Euarchontoglires			
XP_012494185.1	379532	379532	Eukaryota	Chordata	Mammalia	Primates	Indriidae	Propithecus	Propithecus coquereli					Lemuriformes	Metazoa	cellular organisms	Opisthokonta	Tetrapoda	Amniota	Theria	Eutheria	Boreoeutheria						Eumetazoa		Bilateria	Deuterostomia	Vertebrata	Gnathostomata	Teleostomi	Euteleostomi	Dipnotetrapodomorpha												Strepsirrhini	Craniata				Sarcopterygii		Euarchontoglires			
XP_012585871.1	143302	143302	Eukaryota	Chordata	Mammalia	Eulipotyphla	Talpidae	Condylura	Condylura cristata						Metazoa	cellular organisms	Opisthokonta	Tetrapoda	Amniota	Theria	Eutheria	Boreoeutheria						Eumetazoa		Bilateria	Deuterostomia	Vertebrata	Gnathostomata	Teleostomi	Euteleostomi	Dipnotetrapodomorpha													Craniata				Sarcopterygii		Laurasiatheria			
XP_012887572.1	10020	10020	Eukaryota	Chordata	Mammalia	Rodentia	Heteromyidae	Dipodomys	Dipodomys ordii						Metazoa	cellular organisms	Opisthokonta	Tetrapoda	Amniota	Theria	Eutheria	Boreoeutheria	Glires					Eumetazoa		Bilateria	Deuterostomia	Vertebrata	Gnathostomata	Teleostomi	Euteleostomi	Dipnotetrapodomorpha									Dipodomyinae			Castorimorpha	Craniata				Sarcopterygii		Euarchontoglires			
NP_001297119.1	9669	9669	Eukaryota	Chordata	Mammalia	Carnivora	Mustelidae	Mustela	Mustela putorius						Metazoa	cellular organisms	Opisthokonta	Tetrapoda	Amniota	Theria	Eutheria	Boreoeutheria						Eumetazoa		Bilateria	Deuterostomia	Vertebrata	Gnathostomata	Teleostomi	Euteleostomi	Dipnotetrapodomorpha									Mustelinae			Caniformia	Craniata		Mustela putorius furo		Sarcopterygii		Laurasiatheria			
XP_012949915.2	8839	8839	Eukaryota	Chordata	Aves	Anseriformes	Anatidae	Anas	Anas platyrhynchos				Neognathae		Metazoa	cellular organisms	Opisthokonta	Tetrapoda	Amniota	Sauropsida	Sauria	Archelosauria	Archosauria	Dinosauria	Saurischia	Theropoda	Coelurosauria	Eumetazoa		Bilateria	Deuterostomia	Vertebrata	Gnathostomata	Teleostomi	Euteleostomi	Dipnotetrapodomorpha									Anatinae				Craniata				Sarcopterygii		Galloanserae			
XP_013039300.1	381198	381198	Eukaryota	Chordata	Aves	Anseriformes	Anatidae	Anser	Anser cygnoides				Neognathae		Metazoa	cellular organisms	Opisthokonta	Tetrapoda	Amniota	Sauropsida	Sauria	Archelosauria	Archosauria	Dinosauria	Saurischia	Theropoda	Coelurosauria	Eumetazoa		Bilateria	Deuterostomia	Vertebrata	Gnathostomata	Teleostomi	Euteleostomi	Dipnotetrapodomorpha									Anserinae				Craniata		Anser cygnoides domesticus		Sarcopterygii		Galloanserae			
XP_013362428.1	34839	34839	Eukaryota	Chordata	Mammalia	Rodentia	Chinchillidae	Chinchilla	Chinchilla lanigera						Metazoa	cellular organisms	Opisthokonta	Tetrapoda	Amniota	Theria	Eutheria	Boreoeutheria	Glires					Eumetazoa		Bilateria	Deuterostomia	Vertebrata	Gnathostomata	Teleostomi	Euteleostomi	Dipnotetrapodomorpha												Hystricomorpha	Craniata				Sarcopterygii		Euarchontoglires			
XP_013805736.1	202946	202946	Eukaryota	Chordata	Aves	Apterygiformes	Apterygidae	Apteryx	Apteryx australis						Metazoa	cellular organisms	Opisthokonta	Tetrapoda	Amniota	Sauropsida	Sauria	Archelosauria	Archosauria	Dinosauria	Saurischia	Theropoda	Coelurosauria	Eumetazoa		Bilateria	Deuterostomia	Vertebrata	Gnathostomata	Teleostomi	Euteleostomi	Dipnotetrapodomorpha													Craniata		Apteryx australis mantelli		Sarcopterygii		Palaeognathae			
XP_013926936.1	35019	35019	Eukaryota	Chordata		Squamata	Colubridae	Thamnophis	Thamnophis sirtalis					Serpentes	Metazoa	cellular organisms	Opisthokonta	Tetrapoda	Amniota	Sauropsida	Sauria	Bifurcata	Unidentata	Episquamata	Toxicofera			Eumetazoa		Bilateria	Deuterostomia	Vertebrata	Gnathostomata	Teleostomi	Euteleostomi	Dipnotetrapodomorpha									Natricinae				Craniata				Sarcopterygii	Colubroidea	Lepidosauria			
XP_014399780.1	109478	109478	Eukaryota	Chordata	Mammalia	Chiroptera	Vespertilionidae	Myotis	Myotis brandtii						Metazoa	cellular organisms	Opisthokonta	Tetrapoda	Amniota	Theria	Eutheria	Boreoeutheria						Eumetazoa		Bilateria	Deuterostomia	Vertebrata	Gnathostomata	Teleostomi	Euteleostomi	Dipnotetrapodomorpha												Microchiroptera	Craniata				Sarcopterygii		Laurasiatheria			
XP_014713133.1	9793	9793	Eukaryota	Chordata	Mammalia	Perissodactyla	Equidae	Equus	Equus asinus						Metazoa	cellular organisms	Opisthokonta	Tetrapoda	Amniota	Theria	Eutheria	Boreoeutheria						Eumetazoa		Bilateria	Deuterostomia	Vertebrata	Gnathostomata	Teleostomi	Euteleostomi	Dipnotetrapodomorpha										Asinus			Craniata				Sarcopterygii		Laurasiatheria			
XP_014731370.1	9172	9172	Eukaryota	Chordata	Aves	Passeriformes	Sturnidae	Sturnus	Sturnus vulgaris				Neognathae		Metazoa	cellular organisms	Opisthokonta	Tetrapoda	Amniota	Sauropsida	Sauria	Archelosauria	Archosauria	Dinosauria	Saurischia	Theropoda	Coelurosauria	Eumetazoa		Bilateria	Deuterostomia	Vertebrata	Gnathostomata	Teleostomi	Euteleostomi	Dipnotetrapodomorpha													Craniata				Sarcopterygii					
XP_014815705.1	198806	198806	Eukaryota	Chordata	Aves	Charadriiformes	Scolopacidae	Calidris	Calidris pugnax				Neognathae		Metazoa	cellular organisms	Opisthokonta	Tetrapoda	Amniota	Sauropsida	Sauria	Archelosauria	Archosauria	Dinosauria	Saurischia	Theropoda	Coelurosauria	Eumetazoa		Bilateria	Deuterostomia	Vertebrata	Gnathostomata	Teleostomi	Euteleostomi	Dipnotetrapodomorpha													Craniata				Sarcopterygii					
XP_015273067.1	146911	146911	Eukaryota	Chordata		Squamata	Gekkonidae	Gekko	Gekko japonicus					Gekkota	Metazoa	cellular organisms	Opisthokonta	Tetrapoda	Amniota	Sauropsida	Sauria	Bifurcata						Eumetazoa		Bilateria	Deuterostomia	Vertebrata	Gnathostomata	Teleostomi	Euteleostomi	Dipnotetrapodomorpha									Gekkoninae				Craniata				Sarcopterygii		Lepidosauria			
XP_015343540.1	9994	9994	Eukaryota	Chordata	Mammalia	Rodentia	Sciuridae	Marmota	Marmota marmota						Metazoa	cellular organisms	Opisthokonta	Tetrapoda	Amniota	Theria	Eutheria	Boreoeutheria	Glires					Eumetazoa		Bilateria	Deuterostomia	Vertebrata	Gnathostomata	Teleostomi	Euteleostomi	Dipnotetrapodomorpha									Xerinae			Sciuromorpha	Craniata		Marmota marmota marmota		Sarcopterygii		Euarchontoglires		Marmotini	
XP_015486815.1	9157	9157	Eukaryota	Chordata	Aves	Passeriformes	Paridae	Parus	Parus major				Neognathae		Metazoa	cellular organisms	Opisthokonta	Tetrapoda	Amniota	Sauropsida	Sauria	Archelosauria	Archosauria	Dinosauria	Saurischia	Theropoda	Coelurosauria	Eumetazoa		Bilateria	Deuterostomia	Vertebrata	Gnathostomata	Teleostomi	Euteleostomi	Dipnotetrapodomorpha													Craniata				Sarcopterygii					
XP_015742063.1	93934	93934	Eukaryota	Chordata	Aves	Galliformes	Phasianidae	Coturnix	Coturnix japonica				Neognathae		Metazoa	cellular organisms	Opisthokonta	Tetrapoda	Amniota	Sauropsida	Sauria	Archelosauria	Archosauria	Dinosauria	Saurischia	Theropoda	Coelurosauria	Eumetazoa		Bilateria	Deuterostomia	Vertebrata	Gnathostomata	Teleostomi	Euteleostomi	Dipnotetrapodomorpha									Perdicinae				Craniata				Sarcopterygii		Galloanserae			
XP_015974412.1	9407	9407	Eukaryota	Chordata	Mammalia	Chiroptera	Pteropodidae	Rousettus	Rousettus aegyptiacus						Metazoa	cellular organisms	Opisthokonta	Tetrapoda	Amniota	Theria	Eutheria	Boreoeutheria						Eumetazoa		Bilateria	Deuterostomia	Vertebrata	Gnathostomata	Teleostomi	Euteleostomi	Dipnotetrapodomorpha									Pteropodinae			Megachiroptera	Craniata				Sarcopterygii		Laurasiatheria			
XP_016058453.1	291302	291302	Eukaryota	Chordata	Mammalia	Chiroptera	Vespertilionidae	Miniopterus	Miniopterus natalensis						Metazoa	cellular organisms	Opisthokonta	Tetrapoda	Amniota	Theria	Eutheria	Boreoeutheria						Eumetazoa		Bilateria	Deuterostomia	Vertebrata	Gnathostomata	Teleostomi	Euteleostomi	Dipnotetrapodomorpha									Miniopterinae			Microchiroptera	Craniata				Sarcopterygii		Laurasiatheria			
XP_016798468.1	9598	9598	Eukaryota	Chordata	Mammalia	Primates	Hominidae	Pan	Pan troglodytes					Simiiformes	Metazoa	cellular organisms	Opisthokonta	Tetrapoda	Amniota	Theria	Eutheria	Boreoeutheria						Eumetazoa		Bilateria	Deuterostomia	Vertebrata	Gnathostomata	Teleostomi	Euteleostomi	Dipnotetrapodomorpha	Catarrhini								Homininae			Haplorrhini	Craniata				Sarcopterygii	Hominoidea	Euarchontoglires			
XP_017505746.1	9974	9974	Eukaryota	Chordata	Mammalia	Pholidota	Manidae	Manis	Manis javanica						Metazoa	cellular organisms	Opisthokonta	Tetrapoda	Amniota	Theria	Eutheria	Boreoeutheria						Eumetazoa		Bilateria	Deuterostomia	Vertebrata	Gnathostomata	Teleostomi	Euteleostomi	Dipnotetrapodomorpha													Craniata				Sarcopterygii		Laurasiatheria			
XP_017583883.1	85066	85066	Eukaryota	Chordata	Aves	Passeriformes	Corvidae	Corvus	Corvus brachyrhynchos				Neognathae		Metazoa	cellular organisms	Opisthokonta	Tetrapoda	Amniota	Sauropsida	Sauria	Archelosauria	Archosauria	Dinosauria	Saurischia	Theropoda	Coelurosauria	Eumetazoa		Bilateria	Deuterostomia	Vertebrata	Gnathostomata	Teleostomi	Euteleostomi	Dipnotetrapodomorpha													Craniata				Sarcopterygii	Corvoidea				
XP_017667729.1	321398	321398	Eukaryota	Chordata	Aves	Passeriformes	Pipridae	Lepidothrix	Lepidothrix coronata				Neognathae		Metazoa	cellular organisms	Opisthokonta	Tetrapoda	Amniota	Sauropsida	Sauria	Archelosauria	Archosauria	Dinosauria	Saurischia	Theropoda	Coelurosauria	Eumetazoa		Bilateria	Deuterostomia	Vertebrata	Gnathostomata	Teleostomi	Euteleostomi	Dipnotetrapodomorpha													Craniata				Sarcopterygii					
XP_017744069.1	61621	61621	Eukaryota	Chordata	Mammalia	Primates	Cercopithecidae	Rhinopithecus	Rhinopithecus bieti					Simiiformes	Metazoa	cellular organisms	Opisthokonta	Tetrapoda	Amniota	Theria	Eutheria	Boreoeutheria						Eumetazoa		Bilateria	Deuterostomia	Vertebrata	Gnathostomata	Teleostomi	Euteleostomi	Dipnotetrapodomorpha	Catarrhini								Colobinae			Haplorrhini	Craniata				Sarcopterygii	Cercopithecoidea	Euarchontoglires			
XP_018874749.1	9595	9595	Eukaryota	Chordata	Mammalia	Primates	Hominidae	Gorilla	Gorilla gorilla					Simiiformes	Metazoa	cellular organisms	Opisthokonta	Tetrapoda	Amniota	Theria	Eutheria	Boreoeutheria						Eumetazoa		Bilateria	Deuterostomia	Vertebrata	Gnathostomata	Teleostomi	Euteleostomi	Dipnotetrapodomorpha	Catarrhini								Homininae			Haplorrhini	Craniata		Gorilla gorilla gorilla		Sarcopterygii	Hominoidea	Euarchontoglires			
XP_019273508.1	9691	9691	Eukaryota	Chordata	Mammalia	Carnivora	Felidae	Panthera	Panthera pardus						Metazoa	cellular organisms	Opisthokonta	Tetrapoda	Amniota	Theria	Eutheria	Boreoeutheria						Eumetazoa		Bilateria	Deuterostomia	Vertebrata	Gnathostomata	Teleostomi	Euteleostomi	Dipnotetrapodomorpha									Pantherinae			Feliformia	Craniata				Sarcopterygii		Laurasiatheria			
XP_019350687.1	8496	8496	Eukaryota	Chordata		Crocodylia	Alligatoridae	Alligator	Alligator mississippiensis						Metazoa	cellular organisms	Opisthokonta	Tetrapoda	Amniota	Sauropsida	Sauria	Archelosauria	Archosauria					Eumetazoa		Bilateria	Deuterostomia	Vertebrata	Gnathostomata	Teleostomi	Euteleostomi	Dipnotetrapodomorpha									Alligatorinae				Craniata				Sarcopterygii					
XP_019381060.1	94835	94835	Eukaryota	Chordata		Crocodylia	Gavialidae	Gavialis	Gavialis gangeticus						Metazoa	cellular organisms	Opisthokonta	Tetrapoda	Amniota	Sauropsida	Sauria	Archelosauria	Archosauria	Longirostres				Eumetazoa		Bilateria	Deuterostomia	Vertebrata	Gnathostomata	Teleostomi	Euteleostomi	Dipnotetrapodomorpha									Gavialinae				Craniata				Sarcopterygii					
XP_019522936.1	186990	186990	Eukaryota	Chordata	Mammalia	Chiroptera	Hipposideridae	Hipposideros	Hipposideros armiger						Metazoa	cellular organisms	Opisthokonta	Tetrapoda	Amniota	Theria	Eutheria	Boreoeutheria						Eumetazoa		Bilateria	Deuterostomia	Vertebrata	Gnathostomata	Teleostomi	Euteleostomi	Dipnotetrapodomorpha												Microchiroptera	Craniata				Sarcopterygii		Laurasiatheria			
XP_019384826.1	8502	8502	Eukaryota	Chordata		Crocodylia	Crocodylidae	Crocodylus	Crocodylus porosus						Metazoa	cellular organisms	Opisthokonta	Tetrapoda	Amniota	Sauropsida	Sauria	Archelosauria	Archosauria	Longirostres				Eumetazoa		Bilateria	Deuterostomia	Vertebrata	Gnathostomata	Teleostomi	Euteleostomi	Dipnotetrapodomorpha													Craniata				Sarcopterygii					
XP_019781177.1	9739	9739	Eukaryota	Chordata	Mammalia	Cetacea	Delphinidae	Tursiops	Tursiops truncatus						Metazoa	cellular organisms	Opisthokonta	Tetrapoda	Amniota	Theria	Eutheria	Boreoeutheria	Cetartiodactyla					Eumetazoa		Bilateria	Deuterostomia	Vertebrata	Gnathostomata	Teleostomi	Euteleostomi	Dipnotetrapodomorpha												Odontoceti	Craniata				Sarcopterygii		Laurasiatheria			
XP_019811719.1	9915	9915	Eukaryota	Chordata	Mammalia		Bovidae	Bos	Bos indicus					Pecora	Metazoa	cellular organisms	Opisthokonta	Tetrapoda	Amniota	Theria	Eutheria	Boreoeutheria	Cetartiodactyla					Eumetazoa		Bilateria	Deuterostomia	Vertebrata	Gnathostomata	Teleostomi	Euteleostomi	Dipnotetrapodomorpha									Bovinae			Ruminantia	Craniata				Sarcopterygii		Laurasiatheria			
XP_020140826.1	30608	30608	Eukaryota	Chordata	Mammalia	Primates	Cheirogaleidae	Microcebus	Microcebus murinus					Lemuriformes	Metazoa	cellular organisms	Opisthokonta	Tetrapoda	Amniota	Theria	Eutheria	Boreoeutheria						Eumetazoa		Bilateria	Deuterostomia	Vertebrata	Gnathostomata	Teleostomi	Euteleostomi	Dipnotetrapodomorpha												Strepsirrhini	Craniata				Sarcopterygii		Euarchontoglires			
XP_020642422.1	103695	103695	Eukaryota	Chordata		Squamata	Agamidae	Pogona	Pogona vitticeps						Metazoa	cellular organisms	Opisthokonta	Tetrapoda	Amniota	Sauropsida	Sauria	Bifurcata	Unidentata	Episquamata	Toxicofera	Acrodonta		Eumetazoa		Bilateria	Deuterostomia	Vertebrata	Gnathostomata	Teleostomi	Euteleostomi	Dipnotetrapodomorpha									Amphibolurinae			Iguania	Craniata				Sarcopterygii		Lepidosauria			
XP_020768965.1	9880	9880	Eukaryota	Chordata	Mammalia		Cervidae	Odocoileus	Odocoileus virginianus					Pecora	Metazoa	cellular organisms	Opisthokonta	Tetrapoda	Amniota	Theria	Eutheria	Boreoeutheria	Cetartiodactyla					Eumetazoa		Bilateria	Deuterostomia	Vertebrata	Gnathostomata	Teleostomi	Euteleostomi	Dipnotetrapodomorpha									Odocoileinae			Ruminantia	Craniata		Odocoileus virginianus texanus		Sarcopterygii		Laurasiatheria			
XP_020863153.1	38626	38626	Eukaryota	Chordata	Mammalia	Diprotodontia	Phascolarctidae	Phascolarctos	Phascolarctos cinereus						Metazoa	cellular organisms	Opisthokonta	Tetrapoda	Amniota	Theria	Metatheria							Eumetazoa		Bilateria	Deuterostomia	Vertebrata	Gnathostomata	Teleostomi	Euteleostomi	Dipnotetrapodomorpha													Craniata				Sarcopterygii					
XP_021043935.1	10093	10093	Eukaryota	Chordata	Mammalia	Rodentia	Muridae	Mus	Mus pahari						Metazoa	cellular organisms	Opisthokonta	Tetrapoda	Amniota	Theria	Eutheria	Boreoeutheria	Glires	Muroidea				Eumetazoa		Bilateria	Deuterostomia	Vertebrata	Gnathostomata	Teleostomi	Euteleostomi	Dipnotetrapodomorpha									Murinae	Coelomys		Myomorpha	Craniata				Sarcopterygii		Euarchontoglires			
XP_021009138.1	10089	10089	Eukaryota	Chordata	Mammalia	Rodentia	Muridae	Mus	Mus caroli						Metazoa	cellular organisms	Opisthokonta	Tetrapoda	Amniota	Theria	Eutheria	Boreoeutheria	Glires	Muroidea				Eumetazoa		Bilateria	Deuterostomia	Vertebrata	Gnathostomata	Teleostomi	Euteleostomi	Dipnotetrapodomorpha									Murinae	Mus		Myomorpha	Craniata				Sarcopterygii		Euarchontoglires			
XP_021154486.1	8932	8932	Eukaryota	Chordata	Aves	Columbiformes	Columbidae	Columba	Columba livia				Neognathae		Metazoa	cellular organisms	Opisthokonta	Tetrapoda	Amniota	Sauropsida	Sauria	Archelosauria	Archosauria	Dinosauria	Saurischia	Theropoda	Coelurosauria	Eumetazoa		Bilateria	Deuterostomia	Vertebrata	Gnathostomata	Teleostomi	Euteleostomi	Dipnotetrapodomorpha													Craniata				Sarcopterygii					
XP_021240731.1	8996	8996	Eukaryota	Chordata	Aves	Galliformes	Numididae	Numida	Numida meleagris				Neognathae		Metazoa	cellular organisms	Opisthokonta	Tetrapoda	Amniota	Sauropsida	Sauria	Archelosauria	Archosauria	Dinosauria	Saurischia	Theropoda	Coelurosauria	Eumetazoa		Bilateria	Deuterostomia	Vertebrata	Gnathostomata	Teleostomi	Euteleostomi	Dipnotetrapodomorpha													Craniata				Sarcopterygii		Galloanserae			
XP_021388026.1	299123	299123	Eukaryota	Chordata	Aves	Passeriformes	Estrildidae	Lonchura	Lonchura striata				Neognathae		Metazoa	cellular organisms	Opisthokonta	Tetrapoda	Amniota	Sauropsida	Sauria	Archelosauria	Archosauria	Dinosauria	Saurischia	Theropoda	Coelurosauria	Eumetazoa		Bilateria	Deuterostomia	Vertebrata	Gnathostomata	Teleostomi	Euteleostomi	Dipnotetrapodomorpha									Estrildinae				Craniata		Lonchura striata domestica		Sarcopterygii	Passeroidea				
XP_021536480.1	29088	29088	Eukaryota	Chordata	Mammalia	Carnivora	Phocidae	Neomonachus	Neomonachus schauinslandi						Metazoa	cellular organisms	Opisthokonta	Tetrapoda	Amniota	Theria	Eutheria	Boreoeutheria						Eumetazoa		Bilateria	Deuterostomia	Vertebrata	Gnathostomata	Teleostomi	Euteleostomi	Dipnotetrapodomorpha												Caniformia	Craniata				Sarcopterygii		Laurasiatheria			
XP_021788732.1	9555	9555	Eukaryota	Chordata	Mammalia	Primates	Cercopithecidae	Papio	Papio anubis					Simiiformes	Metazoa	cellular organisms	Opisthokonta	Tetrapoda	Amniota	Theria	Eutheria	Boreoeutheria						Eumetazoa		Bilateria	Deuterostomia	Vertebrata	Gnathostomata	Teleostomi	Euteleostomi	Dipnotetrapodomorpha	Catarrhini								Cercopithecinae			Haplorrhini	Craniata				Sarcopterygii	Cercopithecoidea	Euarchontoglires			
XP_022418360.1	9749	9749	Eukaryota	Chordata	Mammalia	Cetacea	Monodontidae	Delphinapterus	Delphinapterus leucas						Metazoa	cellular organisms	Opisthokonta	Tetrapoda	Amniota	Theria	Eutheria	Boreoeutheria	Cetartiodactyla					Eumetazoa		Bilateria	Deuterostomia	Vertebrata	Gnathostomata	Teleostomi	Euteleostomi	Dipnotetrapodomorpha												Odontoceti	Craniata				Sarcopterygii		Laurasiatheria			
XP_023054821.1	591936	591936	Eukaryota	Chordata	Mammalia	Primates	Cercopithecidae	Piliocolobus	Piliocolobus tephrosceles					Simiiformes	Metazoa	cellular organisms	Opisthokonta	Tetrapoda	Amniota	Theria	Eutheria	Boreoeutheria						Eumetazoa		Bilateria	Deuterostomia	Vertebrata	Gnathostomata	Teleostomi	Euteleostomi	Dipnotetrapodomorpha	Catarrhini								Colobinae			Haplorrhini	Craniata				Sarcopterygii	Cercopithecoidea	Euarchontoglires			
XP_023104564.1	9685	9685	Eukaryota	Chordata	Mammalia	Carnivora	Felidae	Felis	Felis catus						Metazoa	cellular organisms	Opisthokonta	Tetrapoda	Amniota	Theria	Eutheria	Boreoeutheria						Eumetazoa		Bilateria	Deuterostomia	Vertebrata	Gnathostomata	Teleostomi	Euteleostomi	Dipnotetrapodomorpha									Felinae			Feliformia	Craniata				Sarcopterygii		Laurasiatheria			
XP_023575315.1	10160	10160	Eukaryota	Chordata	Mammalia	Rodentia	Octodontidae	Octodon	Octodon degus						Metazoa	cellular organisms	Opisthokonta	Tetrapoda	Amniota	Theria	Eutheria	Boreoeutheria	Glires					Eumetazoa		Bilateria	Deuterostomia	Vertebrata	Gnathostomata	Teleostomi	Euteleostomi	Dipnotetrapodomorpha												Hystricomorpha	Craniata				Sarcopterygii		Euarchontoglires			
XP_023609437.1	59463	59463	Eukaryota	Chordata	Mammalia	Chiroptera	Vespertilionidae	Myotis	Myotis lucifugus						Metazoa	cellular organisms	Opisthokonta	Tetrapoda	Amniota	Theria	Eutheria	Boreoeutheria						Eumetazoa		Bilateria	Deuterostomia	Vertebrata	Gnathostomata	Teleostomi	Euteleostomi	Dipnotetrapodomorpha												Microchiroptera	Craniata				Sarcopterygii		Laurasiatheria			
XP_023410960.1	9785	9785	Eukaryota	Chordata	Mammalia	Proboscidea	Elephantidae	Loxodonta	Loxodonta africana						Metazoa	cellular organisms	Opisthokonta	Tetrapoda	Amniota	Theria	Eutheria							Eumetazoa		Bilateria	Deuterostomia	Vertebrata	Gnathostomata	Teleostomi	Euteleostomi	Dipnotetrapodomorpha													Craniata				Sarcopterygii		Afrotheria			
XP_023417808.1	10141	10141	Eukaryota	Chordata	Mammalia	Rodentia	Caviidae	Cavia	Cavia porcellus						Metazoa	cellular organisms	Opisthokonta	Tetrapoda	Amniota	Theria	Eutheria	Boreoeutheria	Glires					Eumetazoa		Bilateria	Deuterostomia	Vertebrata	Gnathostomata	Teleostomi	Euteleostomi	Dipnotetrapodomorpha												Hystricomorpha	Craniata				Sarcopterygii		Euarchontoglires			
XP_023774184.1	156563	156563	Eukaryota	Chordata	Aves	Passeriformes	Paridae	Cyanistes	Cyanistes caeruleus				Neognathae		Metazoa	cellular organisms	Opisthokonta	Tetrapoda	Amniota	Sauropsida	Sauria	Archelosauria	Archosauria	Dinosauria	Saurischia	Theropoda	Coelurosauria	Eumetazoa		Bilateria	Deuterostomia	Vertebrata	Gnathostomata	Teleostomi	Euteleostomi	Dipnotetrapodomorpha													Craniata				Sarcopterygii					
XP_023964517.1	8478	8478	Eukaryota	Chordata		Testudines	Emydidae	Chrysemys	Chrysemys picta						Metazoa	cellular organisms	Opisthokonta	Tetrapoda	Amniota	Sauropsida	Sauria	Archelosauria	Durocryptodira					Eumetazoa		Bilateria	Deuterostomia	Vertebrata	Gnathostomata	Teleostomi	Euteleostomi	Dipnotetrapodomorpha												Cryptodira	Craniata		Chrysemys picta bellii		Sarcopterygii	Testudinoidea				
XP_023971279.1	9755	9755	Eukaryota	Chordata	Mammalia	Cetacea	Physeteridae	Physeter	Physeter catodon						Metazoa	cellular organisms	Opisthokonta	Tetrapoda	Amniota	Theria	Eutheria	Boreoeutheria	Cetartiodactyla					Eumetazoa		Bilateria	Deuterostomia	Vertebrata	Gnathostomata	Teleostomi	Euteleostomi	Dipnotetrapodomorpha												Odontoceti	Craniata				Sarcopterygii		Laurasiatheria			
XP_024425698.1	9430	9430	Eukaryota	Chordata	Mammalia	Chiroptera	Phyllostomidae	Desmodus	Desmodus rotundus						Metazoa	cellular organisms	Opisthokonta	Tetrapoda	Amniota	Theria	Eutheria	Boreoeutheria						Eumetazoa		Bilateria	Deuterostomia	Vertebrata	Gnathostomata	Teleostomi	Euteleostomi	Dipnotetrapodomorpha									Desmodontinae			Microchiroptera	Craniata				Sarcopterygii		Laurasiatheria			
XP_027757151.1	164674	164674	Eukaryota	Chordata	Aves	Passeriformes	Tyrannidae	Empidonax	Empidonax traillii				Neognathae		Metazoa	cellular organisms	Opisthokonta	Tetrapoda	Amniota	Sauropsida	Sauria	Archelosauria	Archosauria	Dinosauria	Saurischia	Theropoda	Coelurosauria	Eumetazoa		Bilateria	Deuterostomia	Vertebrata	Gnathostomata	Teleostomi	Euteleostomi	Dipnotetrapodomorpha													Craniata				Sarcopterygii					
XP_025066628.1	38654	38654	Eukaryota	Chordata		Crocodylia	Alligatoridae	Alligator	Alligator sinensis						Metazoa	cellular organisms	Opisthokonta	Tetrapoda	Amniota	Sauropsida	Sauria	Archelosauria	Archosauria					Eumetazoa		Bilateria	Deuterostomia	Vertebrata	Gnathostomata	Teleostomi	Euteleostomi	Dipnotetrapodomorpha									Alligatorinae				Craniata				Sarcopterygii					
XP_025227847.1	9565	9565	Eukaryota	Chordata	Mammalia	Primates	Cercopithecidae	Theropithecus	Theropithecus gelada					Simiiformes	Metazoa	cellular organisms	Opisthokonta	Tetrapoda	Amniota	Theria	Eutheria	Boreoeutheria						Eumetazoa		Bilateria	Deuterostomia	Vertebrata	Gnathostomata	Teleostomi	Euteleostomi	Dipnotetrapodomorpha	Catarrhini								Cercopithecinae			Haplorrhini	Craniata				Sarcopterygii	Cercopithecoidea	Euarchontoglires			
XP_025292925.1	286419	286419	Eukaryota	Chordata	Mammalia	Carnivora	Canidae	Canis	Canis lupus						Metazoa	cellular organisms	Opisthokonta	Tetrapoda	Amniota	Theria	Eutheria	Boreoeutheria						Eumetazoa		Bilateria	Deuterostomia	Vertebrata	Gnathostomata	Teleostomi	Euteleostomi	Dipnotetrapodomorpha												Caniformia	Craniata		Canis lupus dingo		Sarcopterygii		Laurasiatheria			
XP_027593974.1	649802	649802	Eukaryota	Chordata	Aves	Passeriformes	Pipridae	Pipra	Pipra filicauda				Neognathae		Metazoa	cellular organisms	Opisthokonta	Tetrapoda	Amniota	Sauropsida	Sauria	Archelosauria	Archosauria	Dinosauria	Saurischia	Theropoda	Coelurosauria	Eumetazoa		Bilateria	Deuterostomia	Vertebrata	Gnathostomata	Teleostomi	Euteleostomi	Dipnotetrapodomorpha													Craniata				Sarcopterygii					
XP_025790417.1	9696	9696	Eukaryota	Chordata	Mammalia	Carnivora	Felidae	Puma	Puma concolor						Metazoa	cellular organisms	Opisthokonta	Tetrapoda	Amniota	Theria	Eutheria	Boreoeutheria						Eumetazoa		Bilateria	Deuterostomia	Vertebrata	Gnathostomata	Teleostomi	Euteleostomi	Dipnotetrapodomorpha									Felinae			Feliformia	Craniata				Sarcopterygii		Laurasiatheria			
XP_025842512.1	9627	9627	Eukaryota	Chordata	Mammalia	Carnivora	Canidae	Vulpes	Vulpes vulpes						Metazoa	cellular organisms	Opisthokonta	Tetrapoda	Amniota	Theria	Eutheria	Boreoeutheria						Eumetazoa		Bilateria	Deuterostomia	Vertebrata	Gnathostomata	Teleostomi	Euteleostomi	Dipnotetrapodomorpha												Caniformia	Craniata				Sarcopterygii		Laurasiatheria			
XP_025891105.1	30464	30464	Eukaryota	Chordata	Aves	Tinamiformes	Tinamidae	Nothoprocta	Nothoprocta perdicaria						Metazoa	cellular organisms	Opisthokonta	Tetrapoda	Amniota	Sauropsida	Sauria	Archelosauria	Archosauria	Dinosauria	Saurischia	Theropoda	Coelurosauria	Eumetazoa		Bilateria	Deuterostomia	Vertebrata	Gnathostomata	Teleostomi	Euteleostomi	Dipnotetrapodomorpha													Craniata				Sarcopterygii		Palaeognathae			
XP_025942946.1	308060	308060	Eukaryota	Chordata	Aves	Apterygiformes	Apterygidae	Apteryx	Apteryx rowi						Metazoa	cellular organisms	Opisthokonta	Tetrapoda	Amniota	Sauropsida	Sauria	Archelosauria	Archosauria	Dinosauria	Saurischia	Theropoda	Coelurosauria	Eumetazoa		Bilateria	Deuterostomia	Vertebrata	Gnathostomata	Teleostomi	Euteleostomi	Dipnotetrapodomorpha													Craniata				Sarcopterygii		Palaeognathae			
XP_025976569.1	8790	8790	Eukaryota	Chordata	Aves	Casuariiformes	Dromaiidae	Dromaius	Dromaius novaehollandiae						Metazoa	cellular organisms	Opisthokonta	Tetrapoda	Amniota	Sauropsida	Sauria	Archelosauria	Archosauria	Dinosauria	Saurischia	Theropoda	Coelurosauria	Eumetazoa		Bilateria	Deuterostomia	Vertebrata	Gnathostomata	Teleostomi	Euteleostomi	Dipnotetrapodomorpha													Craniata				Sarcopterygii		Palaeognathae			
XP_026252505.1	9999	9999	Eukaryota	Chordata	Mammalia	Rodentia	Sciuridae	Urocitellus	Urocitellus parryii						Metazoa	cellular organisms	Opisthokonta	Tetrapoda	Amniota	Theria	Eutheria	Boreoeutheria	Glires					Eumetazoa		Bilateria	Deuterostomia	Vertebrata	Gnathostomata	Teleostomi	Euteleostomi	Dipnotetrapodomorpha									Xerinae			Sciuromorpha	Craniata				Sarcopterygii		Euarchontoglires		Marmotini	
XP_026333865.1	116960	116960	Eukaryota	Chordata	Mammalia	Carnivora	Ursidae	Ursus	Ursus arctos						Metazoa	cellular organisms	Opisthokonta	Tetrapoda	Amniota	Theria	Eutheria	Boreoeutheria						Eumetazoa		Bilateria	Deuterostomia	Vertebrata	Gnathostomata	Teleostomi	Euteleostomi	Dipnotetrapodomorpha												Caniformia	Craniata		Ursus arctos horribilis		Sarcopterygii		Laurasiatheria			
XP_026530754.1	8663	8663	Eukaryota	Chordata		Squamata	Elapidae	Notechis	Notechis scutatus					Serpentes	Metazoa	cellular organisms	Opisthokonta	Tetrapoda	Amniota	Sauropsida	Sauria	Bifurcata	Unidentata	Episquamata	Toxicofera			Eumetazoa		Bilateria	Deuterostomia	Vertebrata	Gnathostomata	Teleostomi	Euteleostomi	Dipnotetrapodomorpha									Acanthophiinae				Craniata				Sarcopterygii	Colubroidea	Lepidosauria			
XP_026570054.1	8673	8673	Eukaryota	Chordata		Squamata	Elapidae	Pseudonaja	Pseudonaja textilis					Serpentes	Metazoa	cellular organisms	Opisthokonta	Tetrapoda	Amniota	Sauropsida	Sauria	Bifurcata	Unidentata	Episquamata	Toxicofera			Eumetazoa		Bilateria	Deuterostomia	Vertebrata	Gnathostomata	Teleostomi	Euteleostomi	Dipnotetrapodomorpha									Acanthophiinae				Craniata				Sarcopterygii	Colubroidea	Lepidosauria			
XP_026705725.1	194338	194338	Eukaryota	Chordata	Aves	Strigiformes	Strigidae	Athene	Athene cunicularia				Neognathae		Metazoa	cellular organisms	Opisthokonta	Tetrapoda	Amniota	Sauropsida	Sauria	Archelosauria	Archosauria	Dinosauria	Saurischia	Theropoda	Coelurosauria	Eumetazoa		Bilateria	Deuterostomia	Vertebrata	Gnathostomata	Teleostomi	Euteleostomi	Dipnotetrapodomorpha													Craniata				Sarcopterygii					
XP_026910297.1	32536	32536	Eukaryota	Chordata	Mammalia	Carnivora	Felidae	Acinonyx	Acinonyx jubatus						Metazoa	cellular organisms	Opisthokonta	Tetrapoda	Amniota	Theria	Eutheria	Boreoeutheria						Eumetazoa		Bilateria	Deuterostomia	Vertebrata	Gnathostomata	Teleostomi	Euteleostomi	Dipnotetrapodomorpha									Acinonychinae			Feliformia	Craniata				Sarcopterygii		Laurasiatheria			
XP_026951598.1	90247	90247	Eukaryota	Chordata	Mammalia	Cetacea	Delphinidae	Lagenorhynchus	Lagenorhynchus obliquidens						Metazoa	cellular organisms	Opisthokonta	Tetrapoda	Amniota	Theria	Eutheria	Boreoeutheria	Cetartiodactyla					Eumetazoa		Bilateria	Deuterostomia	Vertebrata	Gnathostomata	Teleostomi	Euteleostomi	Dipnotetrapodomorpha												Odontoceti	Craniata				Sarcopterygii		Laurasiatheria			
XP_027389727.1	30522	30522	Eukaryota	Chordata	Mammalia		Bovidae	Bos	Bos indicus x Bos taurus					Pecora	Metazoa	cellular organisms	Opisthokonta	Tetrapoda	Amniota	Theria	Eutheria	Boreoeutheria	Cetartiodactyla					Eumetazoa		Bilateria	Deuterostomia	Vertebrata	Gnathostomata	Teleostomi	Euteleostomi	Dipnotetrapodomorpha									Bovinae			Ruminantia	Craniata				Sarcopterygii		Laurasiatheria			
XP_027465353.1	9704	9704	Eukaryota	Chordata	Mammalia	Carnivora	Otariidae	Zalophus	Zalophus californianus						Metazoa	cellular organisms	Opisthokonta	Tetrapoda	Amniota	Theria	Eutheria	Boreoeutheria						Eumetazoa		Bilateria	Deuterostomia	Vertebrata	Gnathostomata	Teleostomi	Euteleostomi	Dipnotetrapodomorpha												Caniformia	Craniata				Sarcopterygii		Laurasiatheria			
XP_027544864.1	114329	114329	Eukaryota	Chordata	Aves	Passeriformes	Pipridae	Neopelma	Neopelma chrysocephalum				Neognathae		Metazoa	cellular organisms	Opisthokonta	Tetrapoda	Amniota	Sauropsida	Sauria	Archelosauria	Archosauria	Dinosauria	Saurischia	Theropoda	Coelurosauria	Eumetazoa		Bilateria	Deuterostomia	Vertebrata	Gnathostomata	Teleostomi	Euteleostomi	Dipnotetrapodomorpha													Craniata				Sarcopterygii					
XP_027691156.1	29139	29139	Eukaryota	Chordata	Mammalia	Diprotodontia	Vombatidae	Vombatus	Vombatus ursinus						Metazoa	cellular organisms	Opisthokonta	Tetrapoda	Amniota	Theria	Metatheria							Eumetazoa		Bilateria	Deuterostomia	Vertebrata	Gnathostomata	Teleostomi	Euteleostomi	Dipnotetrapodomorpha													Craniata				Sarcopterygii					
XP_027802308.1	93162	93162	Eukaryota	Chordata	Mammalia	Rodentia	Sciuridae	Marmota	Marmota flaviventris						Metazoa	cellular organisms	Opisthokonta	Tetrapoda	Amniota	Theria	Eutheria	Boreoeutheria	Glires					Eumetazoa		Bilateria	Deuterostomia	Vertebrata	Gnathostomata	Teleostomi	Euteleostomi	Dipnotetrapodomorpha									Xerinae			Sciuromorpha	Craniata				Sarcopterygii		Euarchontoglires		Marmotini	
XP_027494818.1	415028	415028	Eukaryota	Chordata	Aves	Passeriformes	Pipridae	Corapipo	Corapipo altera				Neognathae		Metazoa	cellular organisms	Opisthokonta	Tetrapoda	Amniota	Sauropsida	Sauria	Archelosauria	Archosauria	Dinosauria	Saurischia	Theropoda	Coelurosauria	Eumetazoa		Bilateria	Deuterostomia	Vertebrata	Gnathostomata	Teleostomi	Euteleostomi	Dipnotetrapodomorpha													Craniata				Sarcopterygii					
XP_027970822.1	34886	34886	Eukaryota	Chordata	Mammalia	Carnivora	Otariidae	Eumetopias	Eumetopias jubatus						Metazoa	cellular organisms	Opisthokonta	Tetrapoda	Amniota	Theria	Eutheria	Boreoeutheria						Eumetazoa		Bilateria	Deuterostomia	Vertebrata	Gnathostomata	Teleostomi	Euteleostomi	Dipnotetrapodomorpha												Caniformia	Craniata				Sarcopterygii		Laurasiatheria			
XP_028020351.1	310752	310752	Eukaryota	Chordata	Mammalia	Cetacea	Balaenopteridae	Balaenoptera	Balaenoptera acutorostrata						Metazoa	cellular organisms	Opisthokonta	Tetrapoda	Amniota	Theria	Eutheria	Boreoeutheria	Cetartiodactyla					Eumetazoa		Bilateria	Deuterostomia	Vertebrata	Gnathostomata	Teleostomi	Euteleostomi	Dipnotetrapodomorpha												Mysticeti	Craniata		Balaenoptera acutorostrata scammoni		Sarcopterygii		Laurasiatheria			
XP_028020351.1	310752	310752	Eukaryota	Chordata	Mammalia	Cetacea	Balaenopteridae	Balaenoptera	Balaenoptera acutorostrata						Metazoa	cellular organisms	Opisthokonta	Tetrapoda	Amniota	Theria	Eutheria	Boreoeutheria	Cetartiodactyla					Eumetazoa		Bilateria	Deuterostomia	Vertebrata	Gnathostomata	Teleostomi	Euteleostomi	Dipnotetrapodomorpha												Mysticeti	Craniata		Balaenoptera acutorostrata scammoni		Sarcopterygii		Laurasiatheria			
XP_028020351.1	310752	310752	Eukaryota	Chordata	Mammalia	Cetacea	Balaenopteridae	Balaenoptera	Balaenoptera acutorostrata						Metazoa	cellular organisms	Opisthokonta	Tetrapoda	Amniota	Theria	Eutheria	Boreoeutheria	Cetartiodactyla					Eumetazoa		Bilateria	Deuterostomia	Vertebrata	Gnathostomata	Teleostomi	Euteleostomi	Dipnotetrapodomorpha												Mysticeti	Craniata		Balaenoptera acutorostrata scammoni		Sarcopterygii		Laurasiatheria			
XP_028020351.1	310752	310752	Eukaryota	Chordata	Mammalia	Cetacea	Balaenopteridae	Balaenoptera	Balaenoptera acutorostrata						Metazoa	cellular organisms	Opisthokonta	Tetrapoda	Amniota	Theria	Eutheria	Boreoeutheria	Cetartiodactyla					Eumetazoa		Bilateria	Deuterostomia	Vertebrata	Gnathostomata	Teleostomi	Euteleostomi	Dipnotetrapodomorpha												Mysticeti	Craniata		Balaenoptera acutorostrata scammoni		Sarcopterygii		Laurasiatheria			
XP_028020351.1	310752	310752	Eukaryota	Chordata	Mammalia	Cetacea	Balaenopteridae	Balaenoptera	Balaenoptera acutorostrata						Metazoa	cellular organisms	Opisthokonta	Tetrapoda	Amniota	Theria	Eutheria	Boreoeutheria	Cetartiodactyla					Eumetazoa		Bilateria	Deuterostomia	Vertebrata	Gnathostomata	Teleostomi	Euteleostomi	Dipnotetrapodomorpha												Mysticeti	Craniata		Balaenoptera acutorostrata scammoni		Sarcopterygii		Laurasiatheria			
XP_028020351.1	310752	310752	Eukaryota	Chordata	Mammalia	Cetacea	Balaenopteridae	Balaenoptera	Balaenoptera acutorostrata						Metazoa	cellular organisms	Opisthokonta	Tetrapoda	Amniota	Theria	Eutheria	Boreoeutheria	Cetartiodactyla					Eumetazoa		Bilateria	Deuterostomia	Vertebrata	Gnathostomata	Teleostomi	Euteleostomi	Dipnotetrapodomorpha												Mysticeti	Craniata		Balaenoptera acutorostrata scammoni		Sarcopterygii		Laurasiatheria			
XP_028020351.1	310752	310752	Eukaryota	Chordata	Mammalia	Cetacea	Balaenopteridae	Balaenoptera	Balaenoptera acutorostrata						Metazoa	cellular organisms	Opisthokonta	Tetrapoda	Amniota	Theria	Eutheria	Boreoeutheria	Cetartiodactyla					Eumetazoa		Bilateria	Deuterostomia	Vertebrata	Gnathostomata	Teleostomi	Euteleostomi	Dipnotetrapodomorpha												Mysticeti	Craniata		Balaenoptera acutorostrata scammoni		Sarcopterygii		Laurasiatheria			
XP_028020351.1	310752	310752	Eukaryota	Chordata	Mammalia	Cetacea	Balaenopteridae	Balaenoptera	Balaenoptera acutorostrata						Metazoa	cellular organisms	Opisthokonta	Tetrapoda	Amniota	Theria	Eutheria	Boreoeutheria	Cetartiodactyla					Eumetazoa		Bilateria	Deuterostomia	Vertebrata	Gnathostomata	Teleostomi	Euteleostomi	Dipnotetrapodomorpha												Mysticeti	Craniata		Balaenoptera acutorostrata scammoni		Sarcopterygii		Laurasiatheria			
XP_028020351.1	310752	310752	Eukaryota	Chordata	Mammalia	Cetacea	Balaenopteridae	Balaenoptera	Balaenoptera acutorostrata						Metazoa	cellular organisms	Opisthokonta	Tetrapoda	Amniota	Theria	Eutheria	Boreoeutheria	Cetartiodactyla					Eumetazoa		Bilateria	Deuterostomia	Vertebrata	Gnathostomata	Teleostomi	Euteleostomi	Dipnotetrapodomorpha												Mysticeti	Craniata		Balaenoptera acutorostrata scammoni		Sarcopterygii		Laurasiatheria			
XP_028020351.1	310752	310752	Eukaryota	Chordata	Mammalia	Cetacea	Balaenopteridae	Balaenoptera	Balaenoptera acutorostrata						Metazoa	cellular organisms	Opisthokonta	Tetrapoda	Amniota	Theria	Eutheria	Boreoeutheria	Cetartiodactyla					Eumetazoa		Bilateria	Deuterostomia	Vertebrata	Gnathostomata	Teleostomi	Euteleostomi	Dipnotetrapodomorpha												Mysticeti	Craniata		Balaenoptera acutorostrata scammoni		Sarcopterygii		Laurasiatheria			
XP_028020351.1	310752	310752	Eukaryota	Chordata	Mammalia	Cetacea	Balaenopteridae	Balaenoptera	Balaenoptera acutorostrata						Metazoa	cellular organisms	Opisthokonta	Tetrapoda	Amniota	Theria	Eutheria	Boreoeutheria	Cetartiodactyla					Eumetazoa		Bilateria	Deuterostomia	Vertebrata	Gnathostomata	Teleostomi	Euteleostomi	Dipnotetrapodomorpha												Mysticeti	Craniata		Balaenoptera acutorostrata scammoni		Sarcopterygii		Laurasiatheria			
XP_028020351.1	310752	310752	Eukaryota	Chordata	Mammalia	Cetacea	Balaenopteridae	Balaenoptera	Balaenoptera acutorostrata						Metazoa	cellular organisms	Opisthokonta	Tetrapoda	Amniota	Theria	Eutheria	Boreoeutheria	Cetartiodactyla					Eumetazoa		Bilateria	Deuterostomia	Vertebrata	Gnathostomata	Teleostomi	Euteleostomi	Dipnotetrapodomorpha												Mysticeti	Craniata		Balaenoptera acutorostrata scammoni		Sarcopterygii		Laurasiatheria			
XP_028020351.1	310752	310752	Eukaryota	Chordata	Mammalia	Cetacea	Balaenopteridae	Balaenoptera	Balaenoptera acutorostrata						Metazoa	cellular organisms	Opisthokonta	Tetrapoda	Amniota	Theria	Eutheria	Boreoeutheria	Cetartiodactyla					Eumetazoa		Bilateria	Deuterostomia	Vertebrata	Gnathostomata	Teleostomi	Euteleostomi	Dipnotetrapodomorpha												Mysticeti	Craniata		Balaenoptera acutorostrata scammoni		Sarcopterygii		Laurasiatheria			
XP_028020351.1	310752	310752	Eukaryota	Chordata	Mammalia	Cetacea	Balaenopteridae	Balaenoptera	Balaenoptera acutorostrata						Metazoa	cellular organisms	Opisthokonta	Tetrapoda	Amniota	Theria	Eutheria	Boreoeutheria	Cetartiodactyla					Eumetazoa		Bilateria	Deuterostomia	Vertebrata	Gnathostomata	Teleostomi	Euteleostomi	Dipnotetrapodomorpha												Mysticeti	Craniata		Balaenoptera acutorostrata scammoni		Sarcopterygii		Laurasiatheria			
XP_028020351.1	310752	310752	Eukaryota	Chordata	Mammalia	Cetacea	Balaenopteridae	Balaenoptera	Balaenoptera acutorostrata						Metazoa	cellular organisms	Opisthokonta	Tetrapoda	Amniota	Theria	Eutheria	Boreoeutheria	Cetartiodactyla					Eumetazoa		Bilateria	Deuterostomia	Vertebrata	Gnathostomata	Teleostomi	Euteleostomi	Dipnotetrapodomorpha												Mysticeti	Craniata		Balaenoptera acutorostrata scammoni		Sarcopterygii		Laurasiatheria			
XP_028020351.1	310752	310752	Eukaryota	Chordata	Mammalia	Cetacea	Balaenopteridae	Balaenoptera	Balaenoptera acutorostrata						Metazoa	cellular organisms	Opisthokonta	Tetrapoda	Amniota	Theria	Eutheria	Boreoeutheria	Cetartiodactyla					Eumetazoa		Bilateria	Deuterostomia	Vertebrata	Gnathostomata	Teleostomi	Euteleostomi	Dipnotetrapodomorpha												Mysticeti	Craniata		Balaenoptera acutorostrata scammoni		Sarcopterygii		Laurasiatheria			
XP_028020351.1	310752	310752	Eukaryota	Chordata	Mammalia	Cetacea	Balaenopteridae	Balaenoptera	Balaenoptera acutorostrata						Metazoa	cellular organisms	Opisthokonta	Tetrapoda	Amniota	Theria	Eutheria	Boreoeutheria	Cetartiodactyla					Eumetazoa		Bilateria	Deuterostomia	Vertebrata	Gnathostomata	Teleostomi	Euteleostomi	Dipnotetrapodomorpha												Mysticeti	Craniata		Balaenoptera acutorostrata scammoni		Sarcopterygii		Laurasiatheria			
XP_028020351.1	310752	310752	Eukaryota	Chordata	Mammalia	Cetacea	Balaenopteridae	Balaenoptera	Balaenoptera acutorostrata						Metazoa	cellular organisms	Opisthokonta	Tetrapoda	Amniota	Theria	Eutheria	Boreoeutheria	Cetartiodactyla					Eumetazoa		Bilateria	Deuterostomia	Vertebrata	Gnathostomata	Teleostomi	Euteleostomi	Dipnotetrapodomorpha												Mysticeti	Craniata		Balaenoptera acutorostrata scammoni		Sarcopterygii		Laurasiatheria			
XP_028020351.1	310752	310752	Eukaryota	Chordata	Mammalia	Cetacea	Balaenopteridae	Balaenoptera	Balaenoptera acutorostrata						Metazoa	cellular organisms	Opisthokonta	Tetrapoda	Amniota	Theria	Eutheria	Boreoeutheria	Cetartiodactyla					Eumetazoa		Bilateria	Deuterostomia	Vertebrata	Gnathostomata	Teleostomi	Euteleostomi	Dipnotetrapodomorpha												Mysticeti	Craniata		Balaenoptera acutorostrata scammoni		Sarcopterygii		Laurasiatheria			
XP_028020351.1	310752	310752	Eukaryota	Chordata	Mammalia	Cetacea	Balaenopteridae	Balaenoptera	Balaenoptera acutorostrata						Metazoa	cellular organisms	Opisthokonta	Tetrapoda	Amniota	Theria	Eutheria	Boreoeutheria	Cetartiodactyla					Eumetazoa		Bilateria	Deuterostomia	Vertebrata	Gnathostomata	Teleostomi	Euteleostomi	Dipnotetrapodomorpha												Mysticeti	Craniata		Balaenoptera acutorostrata scammoni		Sarcopterygii		Laurasiatheria			
XP_028020351.1	310752	310752	Eukaryota	Chordata	Mammalia	Cetacea	Balaenopteridae	Balaenoptera	Balaenoptera acutorostrata						Metazoa	cellular organisms	Opisthokonta	Tetrapoda	Amniota	Theria	Eutheria	Boreoeutheria	Cetartiodactyla					Eumetazoa		Bilateria	Deuterostomia	Vertebrata	Gnathostomata	Teleostomi	Euteleostomi	Dipnotetrapodomorpha												Mysticeti	Craniata		Balaenoptera acutorostrata scammoni		Sarcopterygii		Laurasiatheria			
XP_028020351.1	310752	310752	Eukaryota	Chordata	Mammalia	Cetacea	Balaenopteridae	Balaenoptera	Balaenoptera acutorostrata						Metazoa	cellular organisms	Opisthokonta	Tetrapoda	Amniota	Theria	Eutheria	Boreoeutheria	Cetartiodactyla					Eumetazoa		Bilateria	Deuterostomia	Vertebrata	Gnathostomata	Teleostomi	Euteleostomi	Dipnotetrapodomorpha												Mysticeti	Craniata		Balaenoptera acutorostrata scammoni		Sarcopterygii		Laurasiatheria			
XP_028020351.1	310752	310752	Eukaryota	Chordata	Mammalia	Cetacea	Balaenopteridae	Balaenoptera	Balaenoptera acutorostrata						Metazoa	cellular organisms	Opisthokonta	Tetrapoda	Amniota	Theria	Eutheria	Boreoeutheria	Cetartiodactyla					Eumetazoa		Bilateria	Deuterostomia	Vertebrata	Gnathostomata	Teleostomi	Euteleostomi	Dipnotetrapodomorpha												Mysticeti	Craniata		Balaenoptera acutorostrata scammoni		Sarcopterygii		Laurasiatheria			
XP_028020351.1	310752	310752	Eukaryota	Chordata	Mammalia	Cetacea	Balaenopteridae	Balaenoptera	Balaenoptera acutorostrata						Metazoa	cellular organisms	Opisthokonta	Tetrapoda	Amniota	Theria	Eutheria	Boreoeutheria	Cetartiodactyla					Eumetazoa		Bilateria	Deuterostomia	Vertebrata	Gnathostomata	Teleostomi	Euteleostomi	Dipnotetrapodomorpha												Mysticeti	Craniata		Balaenoptera acutorostrata scammoni		Sarcopterygii		Laurasiatheria			
XP_028020351.1	310752	310752	Eukaryota	Chordata	Mammalia	Cetacea	Balaenopteridae	Balaenoptera	Balaenoptera acutorostrata						Metazoa	cellular organisms	Opisthokonta	Tetrapoda	Amniota	Theria	Eutheria	Boreoeutheria	Cetartiodactyla					Eumetazoa		Bilateria	Deuterostomia	Vertebrata	Gnathostomata	Teleostomi	Euteleostomi	Dipnotetrapodomorpha												Mysticeti	Craniata		Balaenoptera acutorostrata scammoni		Sarcopterygii		Laurasiatheria			
XP_028020351.1	310752	310752	Eukaryota	Chordata	Mammalia	Cetacea	Balaenopteridae	Balaenoptera	Balaenoptera acutorostrata						Metazoa	cellular organisms	Opisthokonta	Tetrapoda	Amniota	Theria	Eutheria	Boreoeutheria	Cetartiodactyla					Eumetazoa		Bilateria	Deuterostomia	Vertebrata	Gnathostomata	Teleostomi	Euteleostomi	Dipnotetrapodomorpha												Mysticeti	Craniata		Balaenoptera acutorostrata scammoni		Sarcopterygii		Laurasiatheria			
XP_028020351.1	310752	310752	Eukaryota	Chordata	Mammalia	Cetacea	Balaenopteridae	Balaenoptera	Balaenoptera acutorostrata						Metazoa	cellular organisms	Opisthokonta	Tetrapoda	Amniota	Theria	Eutheria	Boreoeutheria	Cetartiodactyla					Eumetazoa		Bilateria	Deuterostomia	Vertebrata	Gnathostomata	Teleostomi	Euteleostomi	Dipnotetrapodomorpha												Mysticeti	Craniata		Balaenoptera acutorostrata scammoni		Sarcopterygii		Laurasiatheria			
XP_028020351.1	310752	310752	Eukaryota	Chordata	Mammalia	Cetacea	Balaenopteridae	Balaenoptera	Balaenoptera acutorostrata						Metazoa	cellular organisms	Opisthokonta	Tetrapoda	Amniota	Theria	Eutheria	Boreoeutheria	Cetartiodactyla					Eumetazoa		Bilateria	Deuterostomia	Vertebrata	Gnathostomata	Teleostomi	Euteleostomi	Dipnotetrapodomorpha												Mysticeti	Craniata		Balaenoptera acutorostrata scammoni		Sarcopterygii		Laurasiatheria			
XP_028020351.1	310752	310752	Eukaryota	Chordata	Mammalia	Cetacea	Balaenopteridae	Balaenoptera	Balaenoptera acutorostrata						Metazoa	cellular organisms	Opisthokonta	Tetrapoda	Amniota	Theria	Eutheria	Boreoeutheria	Cetartiodactyla					Eumetazoa		Bilateria	Deuterostomia	Vertebrata	Gnathostomata	Teleostomi	Euteleostomi	Dipnotetrapodomorpha												Mysticeti	Craniata		Balaenoptera acutorostrata scammoni		Sarcopterygii		Laurasiatheria			
XP_028020351.1	310752	310752	Eukaryota	Chordata	Mammalia	Cetacea	Balaenopteridae	Balaenoptera	Balaenoptera acutorostrata						Metazoa	cellular organisms	Opisthokonta	Tetrapoda	Amniota	Theria	Eutheria	Boreoeutheria	Cetartiodactyla					Eumetazoa		Bilateria	Deuterostomia	Vertebrata	Gnathostomata	Teleostomi	Euteleostomi	Dipnotetrapodomorpha												Mysticeti	Craniata		Balaenoptera acutorostrata scammoni		Sarcopterygii		Laurasiatheria			
XP_028020351.1	310752	310752	Eukaryota	Chordata	Mammalia	Cetacea	Balaenopteridae	Balaenoptera	Balaenoptera acutorostrata						Metazoa	cellular organisms	Opisthokonta	Tetrapoda	Amniota	Theria	Eutheria	Boreoeutheria	Cetartiodactyla					Eumetazoa		Bilateria	Deuterostomia	Vertebrata	Gnathostomata	Teleostomi	Euteleostomi	Dipnotetrapodomorpha												Mysticeti	Craniata		Balaenoptera acutorostrata scammoni		Sarcopterygii		Laurasiatheria			
XP_028020351.1	310752	310752	Eukaryota	Chordata	Mammalia	Cetacea	Balaenopteridae	Balaenoptera	Balaenoptera acutorostrata						Metazoa	cellular organisms	Opisthokonta	Tetrapoda	Amniota	Theria	Eutheria	Boreoeutheria	Cetartiodactyla					Eumetazoa		Bilateria	Deuterostomia	Vertebrata	Gnathostomata	Teleostomi	Euteleostomi	Dipnotetrapodomorpha												Mysticeti	Craniata		Balaenoptera acutorostrata scammoni		Sarcopterygii		Laurasiatheria			
XP_028020351.1	310752	310752	Eukaryota	Chordata	Mammalia	Cetacea	Balaenopteridae	Balaenoptera	Balaenoptera acutorostrata						Metazoa	cellular organisms	Opisthokonta	Tetrapoda	Amniota	Theria	Eutheria	Boreoeutheria	Cetartiodactyla					Eumetazoa		Bilateria	Deuterostomia	Vertebrata	Gnathostomata	Teleostomi	Euteleostomi	Dipnotetrapodomorpha												Mysticeti	Craniata		Balaenoptera acutorostrata scammoni		Sarcopterygii		Laurasiatheria			
XP_028020351.1	310752	310752	Eukaryota	Chordata	Mammalia	Cetacea	Balaenopteridae	Balaenoptera	Balaenoptera acutorostrata						Metazoa	cellular organisms	Opisthokonta	Tetrapoda	Amniota	Theria	Eutheria	Boreoeutheria	Cetartiodactyla					Eumetazoa		Bilateria	Deuterostomia	Vertebrata	Gnathostomata	Teleostomi	Euteleostomi	Dipnotetrapodomorpha												Mysticeti	Craniata		Balaenoptera acutorostrata scammoni		Sarcopterygii		Laurasiatheria			
XP_028020351.1	310752	310752	Eukaryota	Chordata	Mammalia	Cetacea	Balaenopteridae	Balaenoptera	Balaenoptera acutorostrata						Metazoa	cellular organisms	Opisthokonta	Tetrapoda	Amniota	Theria	Eutheria	Boreoeutheria	Cetartiodactyla					Eumetazoa		Bilateria	Deuterostomia	Vertebrata	Gnathostomata	Teleostomi	Euteleostomi	Dipnotetrapodomorpha												Mysticeti	Craniata		Balaenoptera acutorostrata scammoni		Sarcopterygii		Laurasiatheria			
XP_028020351.1	310752	310752	Eukaryota	Chordata	Mammalia	Cetacea	Balaenopteridae	Balaenoptera	Balaenoptera acutorostrata						Metazoa	cellular organisms	Opisthokonta	Tetrapoda	Amniota	Theria	Eutheria	Boreoeutheria	Cetartiodactyla					Eumetazoa		Bilateria	Deuterostomia	Vertebrata	Gnathostomata	Teleostomi	Euteleostomi	Dipnotetrapodomorpha												Mysticeti	Craniata		Balaenoptera acutorostrata scammoni		Sarcopterygii		Laurasiatheria			
XP_028020351.1	310752	310752	Eukaryota	Chordata	Mammalia	Cetacea	Balaenopteridae	Balaenoptera	Balaenoptera acutorostrata						Metazoa	cellular organisms	Opisthokonta	Tetrapoda	Amniota	Theria	Eutheria	Boreoeutheria	Cetartiodactyla					Eumetazoa		Bilateria	Deuterostomia	Vertebrata	Gnathostomata	Teleostomi	Euteleostomi	Dipnotetrapodomorpha												Mysticeti	Craniata		Balaenoptera acutorostrata scammoni		Sarcopterygii		Laurasiatheria			
XP_028020351.1	310752	310752	Eukaryota	Chordata	Mammalia	Cetacea	Balaenopteridae	Balaenoptera	Balaenoptera acutorostrata						Metazoa	cellular organisms	Opisthokonta	Tetrapoda	Amniota	Theria	Eutheria	Boreoeutheria	Cetartiodactyla					Eumetazoa		Bilateria	Deuterostomia	Vertebrata	Gnathostomata	Teleostomi	Euteleostomi	Dipnotetrapodomorpha												Mysticeti	Craniata		Balaenoptera acutorostrata scammoni		Sarcopterygii		Laurasiatheria			
XP_028020351.1	310752	310752	Eukaryota	Chordata	Mammalia	Cetacea	Balaenopteridae	Balaenoptera	Balaenoptera acutorostrata						Metazoa	cellular organisms	Opisthokonta	Tetrapoda	Amniota	Theria	Eutheria	Boreoeutheria	Cetartiodactyla					Eumetazoa		Bilateria	Deuterostomia	Vertebrata	Gnathostomata	Teleostomi	Euteleostomi	Dipnotetrapodomorpha												Mysticeti	Craniata		Balaenoptera acutorostrata scammoni		Sarcopterygii		Laurasiatheria			
XP_028020351.1	310752	310752	Eukaryota	Chordata	Mammalia	Cetacea	Balaenopteridae	Balaenoptera	Balaenoptera acutorostrata						Metazoa	cellular organisms	Opisthokonta	Tetrapoda	Amniota	Theria	Eutheria	Boreoeutheria	Cetartiodactyla					Eumetazoa		Bilateria	Deuterostomia	Vertebrata	Gnathostomata	Teleostomi	Euteleostomi	Dipnotetrapodomorpha												Mysticeti	Craniata		Balaenoptera acutorostrata scammoni		Sarcopterygii		Laurasiatheria			
